Sl no.,District Name,Market Name,Commodity,Min Price (Rs./Quintal),Max Price (Rs./Quintal),Modal Price (Rs./Quintal),Price Date
1,Ahmednagar,Ahmednagar,Coriander(Leaves),8,24,16,01-01-2024
2,Ahmednagar,Ahmednagar,Coriander(Leaves),400,600,500,13-02-2024
3,Ahmednagar,Ahmednagar,Coriander(Leaves),400,800,600,11-02-2024
4,Ahmednagar,Ahmednagar,Coriander(Leaves),400,1800,1100,01-08-2024
5,Ahmednagar,Ahmednagar,Coriander(Leaves),400,2000,1200,29-03-2024
6,Ahmednagar,Ahmednagar,Coriander(Leaves),500,1000,750,02-03-2024
7,Ahmednagar,Ahmednagar,Coriander(Leaves),500,1000,750,10-02-2024
8,Ahmednagar,Ahmednagar,Coriander(Leaves),500,1000,750,22-04-2024
9,Ahmednagar,Ahmednagar,Coriander(Leaves),500,1500,1000,15-04-2024
10,Ahmednagar,Ahmednagar,Coriander(Leaves),500,1500,1000,23-04-2024
11,Ahmednagar,Ahmednagar,Coriander(Leaves),500,1500,1000,26-04-2024
12,Ahmednagar,Ahmednagar,Coriander(Leaves),500,2000,1250,25-04-2024
13,Ahmednagar,Ahmednagar,Coriander(Leaves),500,2200,1350,15-12-2024
14,Ahmednagar,Ahmednagar,Coriander(Leaves),600,1000,800,14-03-2024
15,Ahmednagar,Ahmednagar,Coriander(Leaves),600,1800,1200,21-12-2024
16,Ahmednagar,Ahmednagar,Coriander(Leaves),600,1800,1200,28-12-2024
17,Ahmednagar,Ahmednagar,Coriander(Leaves),600,2100,1350,20-12-2024
18,Ahmednagar,Ahmednagar,Coriander(Leaves),600,2100,1350,20-07-2024
19,Ahmednagar,Ahmednagar,Coriander(Leaves),600,2400,1500,14-12-2024
20,Ahmednagar,Ahmednagar,Coriander(Leaves),600,3600,2100,09-08-2024
21,Ahmednagar,Ahmednagar,Coriander(Leaves),600,4500,2550,12-07-2024
22,Ahmednagar,Ahmednagar,Coriander(Leaves),800,1600,1200,19-02-2024
23,Ahmednagar,Ahmednagar,Coriander(Leaves),800,3000,1900,31-03-2024
24,Ahmednagar,Ahmednagar,Coriander(Leaves),900,1500,1200,07-03-2024
25,Ahmednagar,Ahmednagar,Coriander(Leaves),900,1600,1250,13-07-2024
26,Ahmednagar,Ahmednagar,Coriander(Leaves),900,1650,1275,29-07-2024
27,Ahmednagar,Ahmednagar,Coriander(Leaves),900,1700,1300,24-11-2024
28,Ahmednagar,Ahmednagar,Coriander(Leaves),900,1800,1350,04-08-2024
29,Ahmednagar,Ahmednagar,Coriander(Leaves),900,1800,1350,05-02-2024
30,Ahmednagar,Ahmednagar,Coriander(Leaves),900,1800,1350,05-03-2024
31,Ahmednagar,Ahmednagar,Coriander(Leaves),900,1800,1350,19-03-2024
32,Ahmednagar,Ahmednagar,Coriander(Leaves),900,1800,1350,25-02-2024
33,Ahmednagar,Ahmednagar,Coriander(Leaves),900,2100,1500,02-08-2024
34,Ahmednagar,Ahmednagar,Coriander(Leaves),900,2100,1500,08-03-2024
35,Ahmednagar,Ahmednagar,Coriander(Leaves),900,2100,1500,09-01-2024
36,Ahmednagar,Ahmednagar,Coriander(Leaves),900,2100,1500,26-02-2024
37,Ahmednagar,Ahmednagar,Coriander(Leaves),900,2100,1500,30-12-2024
38,Ahmednagar,Ahmednagar,Coriander(Leaves),900,2400,1650,19-12-2024
39,Ahmednagar,Ahmednagar,Coriander(Leaves),900,2400,1650,26-12-2024
40,Ahmednagar,Ahmednagar,Coriander(Leaves),900,2400,1650,26-07-2024
41,Ahmednagar,Ahmednagar,Coriander(Leaves),900,2400,1650,28-09-2024
42,Ahmednagar,Ahmednagar,Coriander(Leaves),900,2400,1650,29-12-2024
43,Ahmednagar,Ahmednagar,Coriander(Leaves),900,2700,1800,22-12-2024
44,Ahmednagar,Ahmednagar,Coriander(Leaves),900,2700,1800,26-11-2024
45,Ahmednagar,Ahmednagar,Coriander(Leaves),900,3600,2250,10-08-2024
46,Ahmednagar,Ahmednagar,Coriander(Leaves),900,3600,2250,24-09-2024
47,Ahmednagar,Ahmednagar,Coriander(Leaves),900,4500,2700,17-08-2024
48,Ahmednagar,Ahmednagar,Coriander(Leaves),900,6000,3450,13-08-2024
49,Ahmednagar,Ahmednagar,Coriander(Leaves),1000,1500,1250,04-05-2024
50,Ahmednagar,Ahmednagar,Coriander(Leaves),1000,1600,1300,05-05-2024
51,Ahmednagar,Ahmednagar,Coriander(Leaves),1000,2000,1500,10-05-2024
52,Ahmednagar,Ahmednagar,Coriander(Leaves),1000,2000,1500,11-05-2024
53,Ahmednagar,Ahmednagar,Coriander(Leaves),1000,2100,1550,28-03-2024
54,Ahmednagar,Ahmednagar,Coriander(Leaves),1000,3000,2000,20-09-2024
55,Ahmednagar,Ahmednagar,Coriander(Leaves),1000,3000,2000,21-09-2024
56,Ahmednagar,Ahmednagar,Coriander(Leaves),1200,1400,1300,30-03-2024
57,Ahmednagar,Ahmednagar,Coriander(Leaves),1200,1800,1500,01-04-2024
58,Ahmednagar,Ahmednagar,Coriander(Leaves),1200,1800,1500,16-03-2024
59,Ahmednagar,Ahmednagar,Coriander(Leaves),1200,2100,1650,04-02-2024
60,Ahmednagar,Ahmednagar,Coriander(Leaves),1200,2100,1650,09-03-2024
61,Ahmednagar,Ahmednagar,Coriander(Leaves),1200,2700,1950,15-01-2024
62,Ahmednagar,Ahmednagar,Coriander(Leaves),1200,3000,2100,23-12-2024
63,Ahmednagar,Ahmednagar,Coriander(Leaves),1200,3300,2250,22-07-2024
64,Ahmednagar,Ahmednagar,Coriander(Leaves),1200,3600,2400,30-07-2024
65,Ahmednagar,Ahmednagar,Coriander(Leaves),1200,3600,2500,06-08-2024
66,Ahmednagar,Ahmednagar,Coriander(Leaves),1200,4500,2850,20-08-2024
67,Ahmednagar,Ahmednagar,Coriander(Leaves),1200,4800,3000,09-07-2024
68,Ahmednagar,Ahmednagar,Coriander(Leaves),1200,6000,3600,27-10-2024
69,Ahmednagar,Ahmednagar,Coriander(Leaves),1500,1800,1650,11-03-2024
70,Ahmednagar,Ahmednagar,Coriander(Leaves),1500,2100,1800,22-03-2024
71,Ahmednagar,Ahmednagar,Coriander(Leaves),1500,2400,1950,07-04-2024
72,Ahmednagar,Ahmednagar,Coriander(Leaves),1500,3300,2400,30-01-2024
73,Ahmednagar,Ahmednagar,Coriander(Leaves),1500,3500,2500,22-06-2024
74,Ahmednagar,Ahmednagar,Coriander(Leaves),1500,3600,2550,01-02-2024
75,Ahmednagar,Ahmednagar,Coriander(Leaves),1500,3900,2700,26-09-2024
76,Ahmednagar,Ahmednagar,Coriander(Leaves),1500,4200,2850,16-08-2024
77,Ahmednagar,Ahmednagar,Coriander(Leaves),1500,4200,2850,20-10-2024
78,Ahmednagar,Ahmednagar,Coriander(Leaves),1500,4200,2850,22-08-2024
79,Ahmednagar,Ahmednagar,Coriander(Leaves),1500,4500,3000,01-10-2024
80,Ahmednagar,Ahmednagar,Coriander(Leaves),1500,4800,3150,11-10-2024
81,Ahmednagar,Ahmednagar,Coriander(Leaves),1500,4800,3150,29-09-2024
82,Ahmednagar,Ahmednagar,Coriander(Leaves),1500,5400,3450,11-08-2024
83,Ahmednagar,Ahmednagar,Coriander(Leaves),1500,7500,4500,27-08-2024
84,Ahmednagar,Ahmednagar,Coriander(Leaves),1500,7500,4500,29-08-2024
85,Ahmednagar,Ahmednagar,Coriander(Leaves),1500,15000,8250,31-08-2024
86,Ahmednagar,Ahmednagar,Coriander(Leaves),1600,3000,2300,30-06-2024
87,Ahmednagar,Ahmednagar,Coriander(Leaves),1800,1900,1850,06-01-2024
88,Ahmednagar,Ahmednagar,Coriander(Leaves),1800,3000,2400,22-01-2024
89,Ahmednagar,Ahmednagar,Coriander(Leaves),1800,4500,3150,28-10-2024
90,Ahmednagar,Ahmednagar,Coriander(Leaves),1800,4800,3300,12-08-2024
91,Ahmednagar,Ahmednagar,Coriander(Leaves),1800,5100,3450,06-07-2024
92,Ahmednagar,Ahmednagar,Coriander(Leaves),1800,5100,3450,06-10-2024
93,Ahmednagar,Ahmednagar,Coriander(Leaves),1800,6000,3900,27-09-2024
94,Ahmednagar,Ahmednagar,Coriander(Leaves),1800,6300,4050,25-10-2024
95,Ahmednagar,Ahmednagar,Coriander(Leaves),2000,4000,3000,11-06-2024
96,Ahmednagar,Ahmednagar,Coriander(Leaves),2000,5200,3600,06-06-2024
97,Ahmednagar,Ahmednagar,Coriander(Leaves),2100,6000,4050,07-11-2024
98,Ahmednagar,Ahmednagar,Coriander(Leaves),2100,6000,4050,22-09-2024
99,Ahmednagar,Ahmednagar,Coriander(Leaves),2100,7500,4800,19-09-2024
100,Ahmednagar,Ahmednagar,Coriander(Leaves),2100,7500,4800,23-09-2024
101,Ahmednagar,Ahmednagar,Coriander(Leaves),2200,4000,3100,26-05-2024
102,Ahmednagar,Ahmednagar,Coriander(Leaves),2400,4500,3450,05-10-2024
103,Ahmednagar,Ahmednagar,Coriander(Leaves),2400,6000,4200,01-07-2024
104,Ahmednagar,Ahmednagar,Coriander(Leaves),2500,4000,3250,18-06-2024
105,Ahmednagar,Ahmednagar,Coriander(Leaves),2500,4500,3500,21-06-2024
106,Ahmednagar,Ahmednagar,Coriander(Leaves),2600,3600,3100,23-05-2024
107,Ahmednagar,Ahmednagar,Coriander(Leaves),3000,9000,6000,08-09-2024
108,Ahmednagar,Ahmednagar,Coriander(Leaves),3000,19500,11250,02-09-2024
109,Ahmednagar,Ahmednagar,Coriander(Leaves),3200,4400,3800,03-06-2024
110,Ahmednagar,Ahmednagar,Coriander(Leaves),3600,7500,5550,02-06-2024
111,Ahmednagar,Ahmednagar,Coriander(Leaves),3900,6000,4950,25-05-2024
112,Ahmednagar,Ahmednagar,Coriander(Leaves),4500,10500,7500,13-06-2024
113,Ahmednagar,Ahmednagar,Coriander(Leaves),4500,18000,11250,09-09-2024
114,Ahmednagar,Ahmednagar,Coriander(Leaves),4500,19500,12000,10-09-2024
115,Ahmednagar,Ahmednagar,Coriander(Leaves),6000,16500,11250,12-09-2024
116,Ahmednagar,Ahmednagar,Coriander(Leaves),12000,36000,24000,30-09-2024
117,Ahmednagar,Rahata,Coriander(Leaves),1,3,2,07-03-2024
118,Ahmednagar,Rahata,Coriander(Leaves),1,3,2,09-02-2024
119,Ahmednagar,Rahata,Coriander(Leaves),1,3,2,11-02-2024
120,Ahmednagar,Rahata,Coriander(Leaves),1,3,2,14-02-2024
121,Ahmednagar,Rahata,Coriander(Leaves),1,3,2,16-02-2024
122,Ahmednagar,Rahata,Coriander(Leaves),1,3,2,21-02-2024
123,Ahmednagar,Rahata,Coriander(Leaves),1,5,3,01-02-2024
124,Ahmednagar,Rahata,Coriander(Leaves),1,5,3,03-03-2024
125,Ahmednagar,Rahata,Coriander(Leaves),1,5,3,04-02-2024
126,Ahmednagar,Rahata,Coriander(Leaves),1,5,3,06-02-2024
127,Ahmednagar,Rahata,Coriander(Leaves),1,5,3,07-02-2024
128,Ahmednagar,Rahata,Coriander(Leaves),1,5,3,08-02-2024
129,Ahmednagar,Rahata,Coriander(Leaves),1,5,3,10-03-2024
130,Ahmednagar,Rahata,Coriander(Leaves),1,5,3,13-03-2024
131,Ahmednagar,Rahata,Coriander(Leaves),1,5,3,29-03-2024
132,Ahmednagar,Rahata,Coriander(Leaves),2,4,3,02-02-2024
133,Ahmednagar,Rahata,Coriander(Leaves),2,4,3,02-03-2024
134,Ahmednagar,Rahata,Coriander(Leaves),2,4,3,05-03-2024
135,Ahmednagar,Rahata,Coriander(Leaves),2,4,3,08-03-2024
136,Ahmednagar,Rahata,Coriander(Leaves),2,4,3,09-03-2024
137,Ahmednagar,Rahata,Coriander(Leaves),2,4,3,10-02-2024
138,Ahmednagar,Rahata,Coriander(Leaves),2,4,3,18-12-2024
139,Ahmednagar,Rahata,Coriander(Leaves),2,4,3,20-02-2024
140,Ahmednagar,Rahata,Coriander(Leaves),2,4,3,21-03-2024
141,Ahmednagar,Rahata,Coriander(Leaves),2,4,3,22-03-2024
142,Ahmednagar,Rahata,Coriander(Leaves),2,4,3,28-12-2024
143,Ahmednagar,Rahata,Coriander(Leaves),2,4,3,31-12-2024
144,Ahmednagar,Rahata,Coriander(Leaves),2,5,3,01-01-2025
145,Ahmednagar,Rahata,Coriander(Leaves),2,5,3,03-08-2024
146,Ahmednagar,Rahata,Coriander(Leaves),2,5,3,11-12-2024
147,Ahmednagar,Rahata,Coriander(Leaves),2,5,3,12-12-2024
148,Ahmednagar,Rahata,Coriander(Leaves),2,5,3,14-12-2024
149,Ahmednagar,Rahata,Coriander(Leaves),2,5,3,17-12-2024
150,Ahmednagar,Rahata,Coriander(Leaves),2,5,3,17-02-2024
151,Ahmednagar,Rahata,Coriander(Leaves),2,5,3,29-12-2024
152,Ahmednagar,Rahata,Coriander(Leaves),2,5,3,30-03-2024
153,Ahmednagar,Rahata,Coriander(Leaves),2,5,4,27-12-2024
154,Ahmednagar,Rahata,Coriander(Leaves),2,6,4,01-08-2024
155,Ahmednagar,Rahata,Coriander(Leaves),2,6,4,03-02-2024
156,Ahmednagar,Rahata,Coriander(Leaves),2,6,4,06-01-2024
157,Ahmednagar,Rahata,Coriander(Leaves),2,6,4,14-03-2024
158,Ahmednagar,Rahata,Coriander(Leaves),2,6,4,24-12-2024
159,Ahmednagar,Rahata,Coriander(Leaves),2,6,4,24-03-2024
160,Ahmednagar,Rahata,Coriander(Leaves),2,6,4,27-03-2024
161,Ahmednagar,Rahata,Coriander(Leaves),2,6,4,28-11-2024
162,Ahmednagar,Rahata,Coriander(Leaves),2,6,4,29-02-2024
163,Ahmednagar,Rahata,Coriander(Leaves),2,7,4,19-03-2024
164,Ahmednagar,Rahata,Coriander(Leaves),2,7,5,15-12-2024
165,Ahmednagar,Rahata,Coriander(Leaves),2,7,5,25-07-2024
166,Ahmednagar,Rahata,Coriander(Leaves),2,9,5,11-01-2024
167,Ahmednagar,Rahata,Coriander(Leaves),2,10,6,02-08-2024
168,Ahmednagar,Rahata,Coriander(Leaves),2,10,6,07-08-2024
169,Ahmednagar,Rahata,Coriander(Leaves),2,10,6,27-07-2024
170,Ahmednagar,Rahata,Coriander(Leaves),2,10,6,28-07-2024
171,Ahmednagar,Rahata,Coriander(Leaves),2,10,6,30-07-2024
172,Ahmednagar,Rahata,Coriander(Leaves),2,13,7,27-02-2024
173,Ahmednagar,Rahata,Coriander(Leaves),3,3,3,06-03-2024
174,Ahmednagar,Rahata,Coriander(Leaves),3,3,3,12-03-2024
175,Ahmednagar,Rahata,Coriander(Leaves),3,3,3,13-02-2024
176,Ahmednagar,Rahata,Coriander(Leaves),3,3,3,15-02-2024
177,Ahmednagar,Rahata,Coriander(Leaves),3,5,4,02-04-2024
178,Ahmednagar,Rahata,Coriander(Leaves),3,5,4,03-04-2024
179,Ahmednagar,Rahata,Coriander(Leaves),3,5,4,04-04-2024
180,Ahmednagar,Rahata,Coriander(Leaves),3,5,4,10-11-2024
181,Ahmednagar,Rahata,Coriander(Leaves),3,5,4,18-02-2024
182,Ahmednagar,Rahata,Coriander(Leaves),3,5,4,19-12-2024
183,Ahmednagar,Rahata,Coriander(Leaves),3,5,4,19-07-2024
184,Ahmednagar,Rahata,Coriander(Leaves),3,5,4,20-12-2024
185,Ahmednagar,Rahata,Coriander(Leaves),3,5,4,20-03-2024
186,Ahmednagar,Rahata,Coriander(Leaves),3,5,4,22-12-2024
187,Ahmednagar,Rahata,Coriander(Leaves),3,5,4,23-03-2024
188,Ahmednagar,Rahata,Coriander(Leaves),3,5,4,24-02-2024
189,Ahmednagar,Rahata,Coriander(Leaves),3,5,4,25-01-2024
190,Ahmednagar,Rahata,Coriander(Leaves),3,5,4,28-02-2024
191,Ahmednagar,Rahata,Coriander(Leaves),3,5,4,28-03-2024
192,Ahmednagar,Rahata,Coriander(Leaves),3,5,4,31-01-2024
193,Ahmednagar,Rahata,Coriander(Leaves),3,5,4,31-03-2024
194,Ahmednagar,Rahata,Coriander(Leaves),3,6,4,27-11-2024
195,Ahmednagar,Rahata,Coriander(Leaves),3,7,5,01-11-2024
196,Ahmednagar,Rahata,Coriander(Leaves),3,7,5,03-12-2024
197,Ahmednagar,Rahata,Coriander(Leaves),3,7,5,05-12-2024
198,Ahmednagar,Rahata,Coriander(Leaves),3,7,5,09-01-2024
199,Ahmednagar,Rahata,Coriander(Leaves),3,7,5,11-08-2024
200,Ahmednagar,Rahata,Coriander(Leaves),3,7,5,17-08-2024
201,Ahmednagar,Rahata,Coriander(Leaves),3,7,5,17-11-2024
202,Ahmednagar,Rahata,Coriander(Leaves),3,7,5,19-11-2024
203,Ahmednagar,Rahata,Coriander(Leaves),3,7,5,24-07-2024
204,Ahmednagar,Rahata,Coriander(Leaves),3,7,5,24-11-2024
205,Ahmednagar,Rahata,Coriander(Leaves),3,7,5,26-03-2024
206,Ahmednagar,Rahata,Coriander(Leaves),3,7,5,28-01-2024
207,Ahmednagar,Rahata,Coriander(Leaves),3,8,5,10-12-2024
208,Ahmednagar,Rahata,Coriander(Leaves),3,8,6,13-08-2024
209,Ahmednagar,Rahata,Coriander(Leaves),3,9,6,13-01-2024
210,Ahmednagar,Rahata,Coriander(Leaves),3,10,6,07-01-2024
211,Ahmednagar,Rahata,Coriander(Leaves),3,10,6,14-01-2024
212,Ahmednagar,Rahata,Coriander(Leaves),3,10,6,17-03-2024
213,Ahmednagar,Rahata,Coriander(Leaves),3,10,6,21-07-2024
214,Ahmednagar,Rahata,Coriander(Leaves),3,10,6,22-02-2024
215,Ahmednagar,Rahata,Coriander(Leaves),3,10,6,23-02-2024
216,Ahmednagar,Rahata,Coriander(Leaves),3,10,6,26-11-2024
217,Ahmednagar,Rahata,Coriander(Leaves),3,10,8,21-11-2024
218,Ahmednagar,Rahata,Coriander(Leaves),3,12,7,25-02-2024
219,Ahmednagar,Rahata,Coriander(Leaves),3,12,8,04-08-2024
220,Ahmednagar,Rahata,Coriander(Leaves),3,20,10,09-08-2024
221,Ahmednagar,Rahata,Coriander(Leaves),3,25,14,02-05-2024
222,Ahmednagar,Rahata,Coriander(Leaves),3,25,14,19-04-2024
223,Ahmednagar,Rahata,Coriander(Leaves),3,25,14,24-04-2024
224,Ahmednagar,Rahata,Coriander(Leaves),3,30,15,01-05-2024
225,Ahmednagar,Rahata,Coriander(Leaves),3,30,16,21-04-2024
226,Ahmednagar,Rahata,Coriander(Leaves),4,4,4,01-03-2024
227,Ahmednagar,Rahata,Coriander(Leaves),4,5,5,13-12-2024
228,Ahmednagar,Rahata,Coriander(Leaves),4,6,5,13-11-2024
229,Ahmednagar,Rahata,Coriander(Leaves),4,6,5,21-12-2024
230,Ahmednagar,Rahata,Coriander(Leaves),4,6,5,23-01-2024
231,Ahmednagar,Rahata,Coriander(Leaves),4,6,5,27-01-2024
232,Ahmednagar,Rahata,Coriander(Leaves),4,6,5,30-01-2024
233,Ahmednagar,Rahata,Coriander(Leaves),4,7,5,09-11-2024
234,Ahmednagar,Rahata,Coriander(Leaves),4,7,5,16-11-2024
235,Ahmednagar,Rahata,Coriander(Leaves),4,8,6,15-03-2024
236,Ahmednagar,Rahata,Coriander(Leaves),4,8,6,18-08-2024
237,Ahmednagar,Rahata,Coriander(Leaves),4,8,6,18-01-2024
238,Ahmednagar,Rahata,Coriander(Leaves),4,8,6,25-12-2024
239,Ahmednagar,Rahata,Coriander(Leaves),4,10,6,08-12-2024
240,Ahmednagar,Rahata,Coriander(Leaves),4,10,7,07-11-2024
241,Ahmednagar,Rahata,Coriander(Leaves),4,10,7,08-08-2024
242,Ahmednagar,Rahata,Coriander(Leaves),4,10,7,08-11-2024
243,Ahmednagar,Rahata,Coriander(Leaves),4,10,7,14-11-2024
244,Ahmednagar,Rahata,Coriander(Leaves),4,10,7,16-01-2024
245,Ahmednagar,Rahata,Coriander(Leaves),4,10,7,23-11-2024
246,Ahmednagar,Rahata,Coriander(Leaves),4,12,8,04-01-2024
247,Ahmednagar,Rahata,Coriander(Leaves),4,12,8,14-08-2024
248,Ahmednagar,Rahata,Coriander(Leaves),4,13,8,12-11-2024
249,Ahmednagar,Rahata,Coriander(Leaves),4,15,9,16-08-2024
250,Ahmednagar,Rahata,Coriander(Leaves),4,20,12,06-04-2024
251,Ahmednagar,Rahata,Coriander(Leaves),4,25,14,14-04-2024
252,Ahmednagar,Rahata,Coriander(Leaves),4,25,14,26-04-2024
253,Ahmednagar,Rahata,Coriander(Leaves),4,30,17,03-05-2024
254,Ahmednagar,Rahata,Coriander(Leaves),5,5,5,26-12-2024
255,Ahmednagar,Rahata,Coriander(Leaves),5,7,6,03-01-2024
256,Ahmednagar,Rahata,Coriander(Leaves),5,7,6,04-12-2024
257,Ahmednagar,Rahata,Coriander(Leaves),5,7,6,05-01-2024
258,Ahmednagar,Rahata,Coriander(Leaves),5,7,6,06-12-2024
259,Ahmednagar,Rahata,Coriander(Leaves),5,7,6,07-12-2024
260,Ahmednagar,Rahata,Coriander(Leaves),5,7,6,15-11-2024
261,Ahmednagar,Rahata,Coriander(Leaves),5,7,6,20-01-2024
262,Ahmednagar,Rahata,Coriander(Leaves),5,7,6,21-01-2024
263,Ahmednagar,Rahata,Coriander(Leaves),5,7,6,23-08-2024
264,Ahmednagar,Rahata,Coriander(Leaves),5,7,6,24-01-2024
265,Ahmednagar,Rahata,Coriander(Leaves),5,8,6,02-01-2024
266,Ahmednagar,Rahata,Coriander(Leaves),5,9,7,25-10-2024
267,Ahmednagar,Rahata,Coriander(Leaves),5,10,7,03-11-2024
268,Ahmednagar,Rahata,Coriander(Leaves),5,10,7,10-08-2024
269,Ahmednagar,Rahata,Coriander(Leaves),5,10,7,10-01-2024
270,Ahmednagar,Rahata,Coriander(Leaves),5,10,7,18-07-2024
271,Ahmednagar,Rahata,Coriander(Leaves),5,10,7,19-01-2024
272,Ahmednagar,Rahata,Coriander(Leaves),5,10,7,20-07-2024
273,Ahmednagar,Rahata,Coriander(Leaves),5,10,7,30-10-2024
274,Ahmednagar,Rahata,Coriander(Leaves),5,10,8,22-11-2024
275,Ahmednagar,Rahata,Coriander(Leaves),5,12,8,17-01-2024
276,Ahmednagar,Rahata,Coriander(Leaves),5,12,8,22-08-2024
277,Ahmednagar,Rahata,Coriander(Leaves),5,12,8,27-08-2024
278,Ahmednagar,Rahata,Coriander(Leaves),5,12,10,20-08-2024
279,Ahmednagar,Rahata,Coriander(Leaves),5,12,10,28-08-2024
280,Ahmednagar,Rahata,Coriander(Leaves),5,13,11,21-08-2024
281,Ahmednagar,Rahata,Coriander(Leaves),5,15,10,13-07-2024
282,Ahmednagar,Rahata,Coriander(Leaves),5,15,10,31-10-2024
283,Ahmednagar,Rahata,Coriander(Leaves),5,18,11,17-07-2024
284,Ahmednagar,Rahata,Coriander(Leaves),5,20,10,28-09-2024
285,Ahmednagar,Rahata,Coriander(Leaves),5,20,12,14-07-2024
286,Ahmednagar,Rahata,Coriander(Leaves),5,20,12,26-10-2024
287,Ahmednagar,Rahata,Coriander(Leaves),5,20,13,07-09-2024
288,Ahmednagar,Rahata,Coriander(Leaves),5,20,15,25-09-2024
289,Ahmednagar,Rahata,Coriander(Leaves),5,20,15,29-08-2024
290,Ahmednagar,Rahata,Coriander(Leaves),5,25,15,04-09-2024
291,Ahmednagar,Rahata,Coriander(Leaves),5,25,15,05-10-2024
292,Ahmednagar,Rahata,Coriander(Leaves),5,25,15,06-08-2024
293,Ahmednagar,Rahata,Coriander(Leaves),5,25,15,06-07-2024
294,Ahmednagar,Rahata,Coriander(Leaves),5,25,15,07-04-2024
295,Ahmednagar,Rahata,Coriander(Leaves),5,25,15,09-04-2024
296,Ahmednagar,Rahata,Coriander(Leaves),5,25,15,10-07-2024
297,Ahmednagar,Rahata,Coriander(Leaves),5,25,15,16-04-2024
298,Ahmednagar,Rahata,Coriander(Leaves),5,25,15,16-07-2024
299,Ahmednagar,Rahata,Coriander(Leaves),5,25,15,16-10-2024
300,Ahmednagar,Rahata,Coriander(Leaves),5,25,15,19-10-2024
301,Ahmednagar,Rahata,Coriander(Leaves),5,25,15,20-10-2024
302,Ahmednagar,Rahata,Coriander(Leaves),5,25,15,25-04-2024
303,Ahmednagar,Rahata,Coriander(Leaves),5,25,15,27-09-2024
304,Ahmednagar,Rahata,Coriander(Leaves),5,25,15,29-09-2024
305,Ahmednagar,Rahata,Coriander(Leaves),5,25,15,30-08-2024
306,Ahmednagar,Rahata,Coriander(Leaves),5,25,20,12-07-2024
307,Ahmednagar,Rahata,Coriander(Leaves),5,25,20,23-10-2024
308,Ahmednagar,Rahata,Coriander(Leaves),5,30,17,02-10-2024
309,Ahmednagar,Rahata,Coriander(Leaves),5,30,17,04-10-2024
310,Ahmednagar,Rahata,Coriander(Leaves),5,30,17,15-05-2024
311,Ahmednagar,Rahata,Coriander(Leaves),5,30,17,20-04-2024
312,Ahmednagar,Rahata,Coriander(Leaves),5,30,17,28-04-2024
313,Ahmednagar,Rahata,Coriander(Leaves),5,30,17,29-10-2024
314,Ahmednagar,Rahata,Coriander(Leaves),5,30,17,30-04-2024
315,Ahmednagar,Rahata,Coriander(Leaves),5,30,18,09-07-2024
316,Ahmednagar,Rahata,Coriander(Leaves),5,30,20,01-10-2024
317,Ahmednagar,Rahata,Coriander(Leaves),5,30,20,11-07-2024
318,Ahmednagar,Rahata,Coriander(Leaves),5,35,20,16-05-2024
319,Ahmednagar,Rahata,Coriander(Leaves),5,35,20,22-10-2024
320,Ahmednagar,Rahata,Coriander(Leaves),5,35,20,24-10-2024
321,Ahmednagar,Rahata,Coriander(Leaves),5,35,20,26-09-2024
322,Ahmednagar,Rahata,Coriander(Leaves),5,40,20,04-05-2024
323,Ahmednagar,Rahata,Coriander(Leaves),5,40,20,11-05-2024
324,Ahmednagar,Rahata,Coriander(Leaves),5,40,22,08-05-2024
325,Ahmednagar,Rahata,Coriander(Leaves),5,40,22,10-09-2024
326,Ahmednagar,Rahata,Coriander(Leaves),5,40,22,17-05-2024
327,Ahmednagar,Rahata,Coriander(Leaves),5,40,22,21-05-2024
328,Ahmednagar,Rahata,Coriander(Leaves),5,40,25,22-09-2024
329,Ahmednagar,Rahata,Coriander(Leaves),5,50,27,12-05-2024
330,Ahmednagar,Rahata,Coriander(Leaves),5,50,27,14-05-2024
331,Ahmednagar,Rahata,Coriander(Leaves),5,50,27,28-05-2024
332,Ahmednagar,Rahata,Coriander(Leaves),5,80,42,17-09-2024
333,Ahmednagar,Rahata,Coriander(Leaves),6,6,6,26-01-2024
334,Ahmednagar,Rahata,Coriander(Leaves),6,8,7,24-08-2024
335,Ahmednagar,Rahata,Coriander(Leaves),6,10,8,02-11-2024
336,Ahmednagar,Rahata,Coriander(Leaves),6,10,8,06-11-2024
337,Ahmednagar,Rahata,Coriander(Leaves),6,30,18,05-09-2024
338,Ahmednagar,Rahata,Coriander(Leaves),6,40,23,07-05-2024
339,Ahmednagar,Rahata,Coriander(Leaves),6,40,23,18-05-2024
340,Ahmednagar,Rahata,Coriander(Leaves),6,40,23,19-05-2024
341,Ahmednagar,Rahata,Coriander(Leaves),6,45,30,04-07-2024
342,Ahmednagar,Rahata,Coriander(Leaves),6,50,29,09-05-2024
343,Ahmednagar,Rahata,Coriander(Leaves),7,25,16,12-10-2024
344,Ahmednagar,Rahata,Coriander(Leaves),7,30,18,09-10-2024
345,Ahmednagar,Rahata,Coriander(Leaves),7,30,20,03-10-2024
346,Ahmednagar,Rahata,Coriander(Leaves),7,40,22,02-07-2024
347,Ahmednagar,Rahata,Coriander(Leaves),7,40,22,05-07-2024
348,Ahmednagar,Rahata,Coriander(Leaves),7,40,23,30-06-2024
349,Ahmednagar,Rahata,Coriander(Leaves),7,50,27,05-05-2024
350,Ahmednagar,Rahata,Coriander(Leaves),8,10,9,12-01-2024
351,Ahmednagar,Rahata,Coriander(Leaves),8,21,14,06-09-2024
352,Ahmednagar,Rahata,Coriander(Leaves),8,25,15,18-10-2024
353,Ahmednagar,Rahata,Coriander(Leaves),8,25,16,13-04-2024
354,Ahmednagar,Rahata,Coriander(Leaves),8,30,19,11-10-2024
355,Ahmednagar,Rahata,Coriander(Leaves),8,30,19,13-10-2024
356,Ahmednagar,Rahata,Coriander(Leaves),8,30,20,24-09-2024
357,Ahmednagar,Rahata,Coriander(Leaves),8,50,30,23-06-2024
358,Ahmednagar,Rahata,Coriander(Leaves),9,40,25,25-05-2024
359,Ahmednagar,Rahata,Coriander(Leaves),10,20,15,31-08-2024
360,Ahmednagar,Rahata,Coriander(Leaves),10,25,17,27-04-2024
361,Ahmednagar,Rahata,Coriander(Leaves),10,25,18,01-09-2024
362,Ahmednagar,Rahata,Coriander(Leaves),10,25,18,05-11-2024
363,Ahmednagar,Rahata,Coriander(Leaves),10,25,18,15-10-2024
364,Ahmednagar,Rahata,Coriander(Leaves),10,27,20,03-09-2024
365,Ahmednagar,Rahata,Coriander(Leaves),10,30,20,07-07-2024
366,Ahmednagar,Rahata,Coriander(Leaves),10,30,20,08-09-2024
367,Ahmednagar,Rahata,Coriander(Leaves),10,30,20,10-10-2024
368,Ahmednagar,Rahata,Coriander(Leaves),10,30,20,17-10-2024
369,Ahmednagar,Rahata,Coriander(Leaves),10,35,25,11-09-2024
370,Ahmednagar,Rahata,Coriander(Leaves),10,40,25,18-09-2024
371,Ahmednagar,Rahata,Coriander(Leaves),10,40,25,21-09-2024
372,Ahmednagar,Rahata,Coriander(Leaves),10,45,27,23-05-2024
373,Ahmednagar,Rahata,Coriander(Leaves),10,50,30,13-06-2024
374,Ahmednagar,Rahata,Coriander(Leaves),10,50,30,29-05-2024
375,Ahmednagar,Rahata,Coriander(Leaves),10,50,35,29-06-2024
376,Ahmednagar,Rahata,Coriander(Leaves),10,55,25,19-09-2024
377,Ahmednagar,Rahata,Coriander(Leaves),11,45,35,11-06-2024
378,Ahmednagar,Rahata,Coriander(Leaves),11,70,40,21-06-2024
379,Ahmednagar,Rahata,Coriander(Leaves),12,40,26,03-07-2024
380,Ahmednagar,Rahata,Coriander(Leaves),12,55,35,02-06-2024
381,Ahmednagar,Rahata,Coriander(Leaves),13,50,30,27-06-2024
382,Ahmednagar,Rahata,Coriander(Leaves),15,35,25,12-09-2024
383,Ahmednagar,Rahata,Coriander(Leaves),15,35,25,25-08-2024
384,Ahmednagar,Rahata,Coriander(Leaves),15,50,32,28-06-2024
385,Ahmednagar,Rahata,Coriander(Leaves),15,50,32,30-05-2024
386,Ahmednagar,Rahata,Coriander(Leaves),17,50,33,20-09-2024
387,Ahmednagar,Rahata,Coriander(Leaves),20,40,30,12-06-2024
388,Ahmednagar,Rahata,Coriander(Leaves),20,40,30,26-06-2024
389,Ahmednagar,Rahata,Coriander(Leaves),20,50,30,22-06-2024
390,Ahmednagar,Rahata,Coriander(Leaves),20,50,35,14-06-2024
391,Ahmednagar,Rahata,Coriander(Leaves),20,50,35,16-06-2024
392,Ahmednagar,Rahata,Coriander(Leaves),20,50,35,25-06-2024
393,Ahmednagar,Rahata,Coriander(Leaves),20,100,60,15-09-2024
394,Ahmednagar,Rahata,Coriander(Leaves),23,25,24,13-09-2024
395,Ahmednagar,Rahata,Coriander(Leaves),25,40,32,22-05-2024
396,Ahmednagar,Rahata,Coriander(Leaves),25,50,37,15-06-2024
397,Ahmednagar,Rahata,Coriander(Leaves),30,40,35,06-06-2024
398,Ahmednagar,Rahata,Coriander(Leaves),30,40,35,08-06-2024
399,Ahmednagar,Rahata,Coriander(Leaves),30,40,35,09-06-2024
400,Ahmednagar,Rahata,Coriander(Leaves),30,40,35,10-05-2024
401,Ahmednagar,Rahata,Coriander(Leaves),30,40,35,24-05-2024
402,Ahmednagar,Rahata,Coriander(Leaves),30,50,40,04-06-2024
403,Ahmednagar,Rahata,Coriander(Leaves),30,50,40,05-06-2024
404,Ahmednagar,Rahata,Coriander(Leaves),30,50,40,07-06-2024
405,Ahmednagar,Rahata,Coriander(Leaves),30,50,40,31-05-2024
406,Ahmednagar,Rahata,Coriander(Leaves),30,60,40,20-06-2024
407,Ahmednagar,Rahata,Coriander(Leaves),31,50,40,26-05-2024
408,Ahmednagar,Rahata,Coriander(Leaves),40,40,40,14-09-2024
409,Ahmednagar,Rahata,Coriander(Leaves),40,60,50,01-06-2024
410,Ahmednagar,Rahata,Coriander(Leaves),40,70,50,19-06-2024
411,Ahmednagar,Rahata,Coriander(Leaves),60,70,65,18-06-2024
412,Ahmednagar,Rahata,Coriander(Leaves),300,2200,1200,05-04-2024
413,Ahmednagar,Rahuri,Coriander(Leaves),2,5,3,30-12-2024
414,Ahmednagar,Rahuri,Coriander(Leaves),2,5,4,07-03-2024
415,Ahmednagar,Rahuri,Coriander(Leaves),2,8,5,11-02-2024
416,Ahmednagar,Rahuri,Coriander(Leaves),2,8,5,17-02-2024
417,Ahmednagar,Rahuri,Coriander(Leaves),3,6,5,10-12-2024
418,Ahmednagar,Rahuri,Coriander(Leaves),3,7,5,01-01-2025
419,Ahmednagar,Rahuri,Coriander(Leaves),3,7,5,24-12-2024
420,Ahmednagar,Rahuri,Coriander(Leaves),3,8,6,22-12-2024
421,Ahmednagar,Rahuri,Coriander(Leaves),3,8,6,23-12-2024
422,Ahmednagar,Rahuri,Coriander(Leaves),3,8,6,26-12-2024
423,Ahmednagar,Rahuri,Coriander(Leaves),3,8,6,28-12-2024
424,Ahmednagar,Rahuri,Coriander(Leaves),3,8,6,29-12-2024
425,Ahmednagar,Rahuri,Coriander(Leaves),3,8,6,31-12-2024
426,Ahmednagar,Rahuri,Coriander(Leaves),3,10,7,15-12-2024
427,Ahmednagar,Rahuri,Coriander(Leaves),3,10,7,17-12-2024
428,Ahmednagar,Rahuri,Coriander(Leaves),3,10,7,19-12-2024
429,Ahmednagar,Rahuri,Coriander(Leaves),3,10,8,18-12-2024
430,Ahmednagar,Rahuri,Coriander(Leaves),4,8,6,12-02-2024
431,Ahmednagar,Rahuri,Coriander(Leaves),4,8,6,21-12-2024
432,Ahmednagar,Rahuri,Coriander(Leaves),4,20,10,13-07-2024
433,Ahmednagar,Rahuri,Coriander(Leaves),5,10,8,07-12-2024
434,Ahmednagar,Rahuri,Coriander(Leaves),5,10,8,08-12-2024
435,Ahmednagar,Rahuri,Coriander(Leaves),5,10,8,09-12-2024
436,Ahmednagar,Rahuri,Coriander(Leaves),5,10,8,14-12-2024
437,Ahmednagar,Rahuri,Coriander(Leaves),5,10,8,16-12-2024
438,Ahmednagar,Rahuri,Coriander(Leaves),5,15,10,01-12-2024
439,Ahmednagar,Rahuri,Coriander(Leaves),5,15,10,02-12-2024
440,Ahmednagar,Rahuri,Coriander(Leaves),5,15,10,02-11-2024
441,Ahmednagar,Rahuri,Coriander(Leaves),5,15,10,03-12-2024
442,Ahmednagar,Rahuri,Coriander(Leaves),5,15,10,03-11-2024
443,Ahmednagar,Rahuri,Coriander(Leaves),5,15,10,04-11-2024
444,Ahmednagar,Rahuri,Coriander(Leaves),5,15,10,05-12-2024
445,Ahmednagar,Rahuri,Coriander(Leaves),5,15,10,05-10-2024
446,Ahmednagar,Rahuri,Coriander(Leaves),5,15,10,07-11-2024
447,Ahmednagar,Rahuri,Coriander(Leaves),5,15,10,10-10-2024
448,Ahmednagar,Rahuri,Coriander(Leaves),5,15,10,19-10-2024
449,Ahmednagar,Rahuri,Coriander(Leaves),5,15,10,20-10-2024
450,Ahmednagar,Rahuri,Coriander(Leaves),5,15,10,21-10-2024
451,Ahmednagar,Rahuri,Coriander(Leaves),5,15,10,22-10-2024
452,Ahmednagar,Rahuri,Coriander(Leaves),5,15,10,23-10-2024
453,Ahmednagar,Rahuri,Coriander(Leaves),5,15,10,24-10-2024
454,Ahmednagar,Rahuri,Coriander(Leaves),5,15,10,25-11-2024
455,Ahmednagar,Rahuri,Coriander(Leaves),5,15,10,26-11-2024
456,Ahmednagar,Rahuri,Coriander(Leaves),5,15,10,26-10-2024
457,Ahmednagar,Rahuri,Coriander(Leaves),5,15,10,27-10-2024
458,Ahmednagar,Rahuri,Coriander(Leaves),5,15,10,28-10-2024
459,Ahmednagar,Rahuri,Coriander(Leaves),5,20,13,09-11-2024
460,Ahmednagar,Rahuri,Coriander(Leaves),5,20,13,10-11-2024
461,Ahmednagar,Rahuri,Coriander(Leaves),5,20,13,11-11-2024
462,Ahmednagar,Rahuri,Coriander(Leaves),5,20,13,12-11-2024
463,Ahmednagar,Rahuri,Coriander(Leaves),5,20,13,13-11-2024
464,Ahmednagar,Rahuri,Coriander(Leaves),5,20,13,14-11-2024
465,Ahmednagar,Rahuri,Coriander(Leaves),5,20,13,16-11-2024
466,Ahmednagar,Rahuri,Coriander(Leaves),5,20,13,17-11-2024
467,Ahmednagar,Rahuri,Coriander(Leaves),5,20,13,18-11-2024
468,Ahmednagar,Rahuri,Coriander(Leaves),5,20,13,21-11-2024
469,Ahmednagar,Rahuri,Coriander(Leaves),5,20,13,23-11-2024
470,Ahmednagar,Rahuri,Coriander(Leaves),5,20,13,24-11-2024
471,Ahmednagar,Rahuri,Coriander(Leaves),5,20,13,27-11-2024
472,Ahmednagar,Rahuri,Coriander(Leaves),5,20,15,09-10-2024
473,Ahmednagar,Rahuri,Coriander(Leaves),5,25,15,04-07-2024
474,Ahmednagar,Rahuri,Coriander(Leaves),7,15,10,28-09-2024
475,Ahmednagar,Rahuri,Coriander(Leaves),8,10,9,16-10-2024
476,Ahmednagar,Rahuri,Coriander(Leaves),8,15,10,25-09-2024
477,Ahmednagar,Rahuri,Coriander(Leaves),8,40,25,07-07-2024
478,Ahmednagar,Rahuri,Coriander(Leaves),10,15,12,30-09-2024
479,Ahmednagar,Rahuri,Coriander(Leaves),10,20,15,23-09-2024
480,Ahmednagar,Rahuri,Coriander(Leaves),10,20,15,26-09-2024
481,Ahmednagar,Rahuri,Coriander(Leaves),10,30,20,02-06-2024
482,Ahmednagar,Rahuri,Coriander(Leaves),10,30,20,06-07-2024
483,Ahmednagar,Rahuri,Coriander(Leaves),10,30,20,10-06-2024
484,Ahmednagar,Rahuri,Coriander(Leaves),10,30,20,11-06-2024
485,Ahmednagar,Rahuri,Coriander(Leaves),10,30,20,19-06-2024
486,Ahmednagar,Rahuri,Coriander(Leaves),10,40,25,25-06-2024
487,Ahmednagar,Rahuri,Coriander(Leaves),12,35,20,01-06-2024
488,Ahmednagar,Rahuri,Coriander(Leaves),15,20,15,02-10-2024
489,Ahmednagar,Rahuri,Coriander(Leaves),15,25,20,01-11-2024
490,Ahmednagar,Rahuri,Coriander(Leaves),15,25,20,05-11-2024
491,Ahmednagar,Rahuri,Coriander(Leaves),15,25,20,06-11-2024
492,Ahmednagar,Rahuri,Coriander(Leaves),15,25,20,29-10-2024
493,Ahmednagar,Rahuri,Coriander(Leaves),15,25,20,30-10-2024
494,Ahmednagar,Rahuri,Coriander(Leaves),15,25,20,31-10-2024
495,Ahmednagar,Rahuri,Coriander(Leaves),15,30,20,22-09-2024
496,Ahmednagar,Rahuri,Coriander(Leaves),20,45,30,02-09-2024
497,Ahmednagar,Rahuri,Coriander(Leaves),20,45,30,21-09-2024
498,Ahmednagar,Rahuri,Coriander(Leaves),20,50,35,19-09-2024
499,Ahmednagar,Rahuri,Coriander(Leaves),25,60,45,15-09-2024
500,Ahmednagar,Rahuri,Coriander(Leaves),30,50,40,13-09-2024
501,Ahmednagar,Rahuri,Coriander(Leaves),30,50,40,16-09-2024
502,Ahmednagar,Rahuri,Coriander(Leaves),30,60,45,04-09-2024
503,Ahmednagar,Rahuri,Coriander(Leaves),500,1500,1000,12-10-2024
504,Ahmednagar,Rahuri,Coriander(Leaves),500,2000,1250,14-10-2024
505,Ahmednagar,Rahuri,Coriander(Leaves),500,2000,1250,15-10-2024
506,Ahmednagar,Rahuri,Coriander(Leaves),500,2500,1500,13-10-2024
507,Ahmednagar,Shrirampur,Coriander(Leaves),1,3,2,01-03-2024
508,Ahmednagar,Shrirampur,Coriander(Leaves),1,3,2,03-03-2024
509,Ahmednagar,Shrirampur,Coriander(Leaves),1,3,2,04-03-2024
510,Ahmednagar,Shrirampur,Coriander(Leaves),1,3,2,06-03-2024
511,Ahmednagar,Shrirampur,Coriander(Leaves),1,3,2,07-03-2024
512,Ahmednagar,Shrirampur,Coriander(Leaves),1,3,2,08-03-2024
513,Ahmednagar,Shrirampur,Coriander(Leaves),1,3,2,13-03-2024
514,Ahmednagar,Shrirampur,Coriander(Leaves),1,3,2,15-03-2024
515,Ahmednagar,Shrirampur,Coriander(Leaves),1,3,2,29-02-2024
516,Ahmednagar,Shrirampur,Coriander(Leaves),2,4,3,01-04-2024
517,Ahmednagar,Shrirampur,Coriander(Leaves),2,4,3,02-03-2024
518,Ahmednagar,Shrirampur,Coriander(Leaves),2,4,3,03-04-2024
519,Ahmednagar,Shrirampur,Coriander(Leaves),2,4,3,09-03-2024
520,Ahmednagar,Shrirampur,Coriander(Leaves),2,4,3,11-03-2024
521,Ahmednagar,Shrirampur,Coriander(Leaves),2,4,3,14-03-2024
522,Ahmednagar,Shrirampur,Coriander(Leaves),2,4,3,16-03-2024
523,Ahmednagar,Shrirampur,Coriander(Leaves),2,4,3,20-04-2024
524,Ahmednagar,Shrirampur,Coriander(Leaves),2,4,3,23-02-2024
525,Ahmednagar,Shrirampur,Coriander(Leaves),2,4,3,25-02-2024
526,Ahmednagar,Shrirampur,Coriander(Leaves),2,4,3,26-02-2024
527,Ahmednagar,Shrirampur,Coriander(Leaves),2,4,3,28-02-2024
528,Ahmednagar,Shrirampur,Coriander(Leaves),2,5,4,09-02-2024
529,Ahmednagar,Shrirampur,Coriander(Leaves),2,5,4,10-02-2024
530,Ahmednagar,Shrirampur,Coriander(Leaves),2,5,4,11-02-2024
531,Ahmednagar,Shrirampur,Coriander(Leaves),2,5,4,12-02-2024
532,Ahmednagar,Shrirampur,Coriander(Leaves),3,4,3,02-02-2024
533,Ahmednagar,Shrirampur,Coriander(Leaves),3,5,4,01-08-2024
534,Ahmednagar,Shrirampur,Coriander(Leaves),3,5,4,03-08-2024
535,Ahmednagar,Shrirampur,Coriander(Leaves),3,5,4,04-04-2024
536,Ahmednagar,Shrirampur,Coriander(Leaves),3,5,4,05-08-2024
537,Ahmednagar,Shrirampur,Coriander(Leaves),3,5,4,07-04-2024
538,Ahmednagar,Shrirampur,Coriander(Leaves),3,5,4,08-04-2024
539,Ahmednagar,Shrirampur,Coriander(Leaves),3,5,4,08-08-2024
540,Ahmednagar,Shrirampur,Coriander(Leaves),3,5,4,10-08-2024
541,Ahmednagar,Shrirampur,Coriander(Leaves),3,5,4,11-08-2024
542,Ahmednagar,Shrirampur,Coriander(Leaves),3,5,4,12-08-2024
543,Ahmednagar,Shrirampur,Coriander(Leaves),3,5,4,14-08-2024
544,Ahmednagar,Shrirampur,Coriander(Leaves),3,5,4,17-03-2024
545,Ahmednagar,Shrirampur,Coriander(Leaves),3,5,4,18-03-2024
546,Ahmednagar,Shrirampur,Coriander(Leaves),3,5,4,19-04-2024
547,Ahmednagar,Shrirampur,Coriander(Leaves),3,5,4,20-03-2024
548,Ahmednagar,Shrirampur,Coriander(Leaves),3,5,4,21-03-2024
549,Ahmednagar,Shrirampur,Coriander(Leaves),3,5,4,22-04-2024
550,Ahmednagar,Shrirampur,Coriander(Leaves),3,5,4,22-03-2024
551,Ahmednagar,Shrirampur,Coriander(Leaves),3,5,4,23-03-2024
552,Ahmednagar,Shrirampur,Coriander(Leaves),3,5,4,24-08-2024
553,Ahmednagar,Shrirampur,Coriander(Leaves),3,5,4,24-02-2024
554,Ahmednagar,Shrirampur,Coriander(Leaves),3,5,4,25-03-2024
555,Ahmednagar,Shrirampur,Coriander(Leaves),3,5,4,27-03-2024
556,Ahmednagar,Shrirampur,Coriander(Leaves),3,5,4,28-03-2024
557,Ahmednagar,Shrirampur,Coriander(Leaves),3,5,4,29-03-2024
558,Ahmednagar,Shrirampur,Coriander(Leaves),3,5,4,30-03-2024
559,Ahmednagar,Shrirampur,Coriander(Leaves),3,5,4,31-07-2024
560,Ahmednagar,Shrirampur,Coriander(Leaves),3,5,4,31-03-2024
561,Ahmednagar,Shrirampur,Coriander(Leaves),3,6,4,09-08-2024
562,Ahmednagar,Shrirampur,Coriander(Leaves),3,6,5,01-02-2024
563,Ahmednagar,Shrirampur,Coriander(Leaves),3,6,5,03-02-2024
564,Ahmednagar,Shrirampur,Coriander(Leaves),3,7,4,02-05-2024
565,Ahmednagar,Shrirampur,Coriander(Leaves),3,7,5,04-02-2024
566,Ahmednagar,Shrirampur,Coriander(Leaves),3,7,5,05-02-2024
567,Ahmednagar,Shrirampur,Coriander(Leaves),3,7,5,07-02-2024
568,Ahmednagar,Shrirampur,Coriander(Leaves),3,7,5,25-04-2024
569,Ahmednagar,Shrirampur,Coriander(Leaves),3,7,5,26-04-2024
570,Ahmednagar,Shrirampur,Coriander(Leaves),3,7,6,14-02-2024
571,Ahmednagar,Shrirampur,Coriander(Leaves),3,8,5,02-08-2024
572,Ahmednagar,Shrirampur,Coriander(Leaves),3,8,5,29-01-2024
573,Ahmednagar,Shrirampur,Coriander(Leaves),3,8,6,31-01-2024
574,Ahmednagar,Shrirampur,Coriander(Leaves),3,13,9,27-04-2024
575,Ahmednagar,Shrirampur,Coriander(Leaves),4,6,5,04-08-2024
576,Ahmednagar,Shrirampur,Coriander(Leaves),4,6,5,04-05-2024
577,Ahmednagar,Shrirampur,Coriander(Leaves),4,6,5,05-04-2024
578,Ahmednagar,Shrirampur,Coriander(Leaves),4,6,5,06-04-2024
579,Ahmednagar,Shrirampur,Coriander(Leaves),4,6,5,16-08-2024
580,Ahmednagar,Shrirampur,Coriander(Leaves),4,6,5,19-07-2024
581,Ahmednagar,Shrirampur,Coriander(Leaves),4,6,5,23-08-2024
582,Ahmednagar,Shrirampur,Coriander(Leaves),4,6,5,24-01-2024
583,Ahmednagar,Shrirampur,Coriander(Leaves),4,6,5,29-08-2024
584,Ahmednagar,Shrirampur,Coriander(Leaves),4,7,5,08-02-2024
585,Ahmednagar,Shrirampur,Coriander(Leaves),4,8,6,17-02-2024
586,Ahmednagar,Shrirampur,Coriander(Leaves),4,8,6,21-02-2024
587,Ahmednagar,Shrirampur,Coriander(Leaves),4,8,6,22-02-2024
588,Ahmednagar,Shrirampur,Coriander(Leaves),4,10,7,26-01-2024
589,Ahmednagar,Shrirampur,Coriander(Leaves),4,12,7,17-05-2024
590,Ahmednagar,Shrirampur,Coriander(Leaves),4,12,8,18-05-2024
591,Ahmednagar,Shrirampur,Coriander(Leaves),4,13,10,28-04-2024
592,Ahmednagar,Shrirampur,Coriander(Leaves),4,13,10,29-04-2024
593,Ahmednagar,Shrirampur,Coriander(Leaves),4,14,9,01-05-2024
594,Ahmednagar,Shrirampur,Coriander(Leaves),5,6,5,15-07-2024
595,Ahmednagar,Shrirampur,Coriander(Leaves),5,7,6,01-12-2024
596,Ahmednagar,Shrirampur,Coriander(Leaves),5,7,6,07-08-2024
597,Ahmednagar,Shrirampur,Coriander(Leaves),5,7,6,07-12-2024
598,Ahmednagar,Shrirampur,Coriander(Leaves),5,7,6,11-07-2024
599,Ahmednagar,Shrirampur,Coriander(Leaves),5,7,6,18-12-2024
600,Ahmednagar,Shrirampur,Coriander(Leaves),5,7,6,18-07-2024
601,Ahmednagar,Shrirampur,Coriander(Leaves),5,7,6,19-05-2024
602,Ahmednagar,Shrirampur,Coriander(Leaves),5,7,6,22-07-2024
603,Ahmednagar,Shrirampur,Coriander(Leaves),5,7,6,28-11-2024
604,Ahmednagar,Shrirampur,Coriander(Leaves),5,8,7,30-09-2024
605,Ahmednagar,Shrirampur,Coriander(Leaves),5,9,7,06-05-2024
606,Ahmednagar,Shrirampur,Coriander(Leaves),5,9,8,24-07-2024
607,Ahmednagar,Shrirampur,Coriander(Leaves),5,9,8,25-01-2024
608,Ahmednagar,Shrirampur,Coriander(Leaves),5,10,7,16-02-2024
609,Ahmednagar,Shrirampur,Coriander(Leaves),5,10,7,17-01-2024
610,Ahmednagar,Shrirampur,Coriander(Leaves),5,10,7,18-01-2024
611,Ahmednagar,Shrirampur,Coriander(Leaves),5,10,7,19-01-2024
612,Ahmednagar,Shrirampur,Coriander(Leaves),5,10,7,20-01-2024
613,Ahmednagar,Shrirampur,Coriander(Leaves),5,10,7,27-01-2024
614,Ahmednagar,Shrirampur,Coriander(Leaves),5,10,8,03-01-2024
615,Ahmednagar,Shrirampur,Coriander(Leaves),5,10,8,04-01-2024
616,Ahmednagar,Shrirampur,Coriander(Leaves),5,10,8,05-01-2024
617,Ahmednagar,Shrirampur,Coriander(Leaves),5,10,8,11-01-2024
618,Ahmednagar,Shrirampur,Coriander(Leaves),5,10,8,13-01-2024
619,Ahmednagar,Shrirampur,Coriander(Leaves),5,10,8,23-11-2024
620,Ahmednagar,Shrirampur,Coriander(Leaves),5,10,8,28-01-2024
621,Ahmednagar,Shrirampur,Coriander(Leaves),5,12,10,12-01-2024
622,Ahmednagar,Shrirampur,Coriander(Leaves),6,8,7,02-10-2024
623,Ahmednagar,Shrirampur,Coriander(Leaves),6,8,7,05-10-2024
624,Ahmednagar,Shrirampur,Coriander(Leaves),6,8,7,07-10-2024
625,Ahmednagar,Shrirampur,Coriander(Leaves),6,8,7,17-10-2024
626,Ahmednagar,Shrirampur,Coriander(Leaves),6,8,7,19-08-2024
627,Ahmednagar,Shrirampur,Coriander(Leaves),6,8,7,22-08-2024
628,Ahmednagar,Shrirampur,Coriander(Leaves),6,8,7,23-10-2024
629,Ahmednagar,Shrirampur,Coriander(Leaves),6,9,7,20-05-2024
630,Ahmednagar,Shrirampur,Coriander(Leaves),6,10,8,06-01-2024
631,Ahmednagar,Shrirampur,Coriander(Leaves),6,10,8,08-11-2024
632,Ahmednagar,Shrirampur,Coriander(Leaves),6,10,9,25-08-2024
633,Ahmednagar,Shrirampur,Coriander(Leaves),6,11,7,08-05-2024
634,Ahmednagar,Shrirampur,Coriander(Leaves),6,12,10,09-05-2024
635,Ahmednagar,Shrirampur,Coriander(Leaves),7,9,8,06-10-2024
636,Ahmednagar,Shrirampur,Coriander(Leaves),7,9,8,10-10-2024
637,Ahmednagar,Shrirampur,Coriander(Leaves),7,9,8,21-08-2024
638,Ahmednagar,Shrirampur,Coriander(Leaves),7,9,8,22-11-2024
639,Ahmednagar,Shrirampur,Coriander(Leaves),7,9,8,25-05-2024
640,Ahmednagar,Shrirampur,Coriander(Leaves),7,10,9,03-10-2024
641,Ahmednagar,Shrirampur,Coriander(Leaves),7,10,9,07-01-2024
642,Ahmednagar,Shrirampur,Coriander(Leaves),7,10,9,13-07-2024
643,Ahmednagar,Shrirampur,Coriander(Leaves),7,10,9,22-05-2024
644,Ahmednagar,Shrirampur,Coriander(Leaves),7,12,8,24-05-2024
645,Ahmednagar,Shrirampur,Coriander(Leaves),7,12,10,08-01-2024
646,Ahmednagar,Shrirampur,Coriander(Leaves),7,12,10,10-01-2024
647,Ahmednagar,Shrirampur,Coriander(Leaves),7,12,10,21-11-2024
648,Ahmednagar,Shrirampur,Coriander(Leaves),7,15,10,15-05-2024
649,Ahmednagar,Shrirampur,Coriander(Leaves),7,24,20,10-06-2024
650,Ahmednagar,Shrirampur,Coriander(Leaves),8,10,9,04-10-2024
651,Ahmednagar,Shrirampur,Coriander(Leaves),8,10,9,06-11-2024
652,Ahmednagar,Shrirampur,Coriander(Leaves),8,10,9,07-11-2024
653,Ahmednagar,Shrirampur,Coriander(Leaves),8,10,9,09-10-2024
654,Ahmednagar,Shrirampur,Coriander(Leaves),8,10,9,16-10-2024
655,Ahmednagar,Shrirampur,Coriander(Leaves),8,10,9,18-11-2024
656,Ahmednagar,Shrirampur,Coriander(Leaves),8,10,9,18-10-2024
657,Ahmednagar,Shrirampur,Coriander(Leaves),8,10,9,19-10-2024
658,Ahmednagar,Shrirampur,Coriander(Leaves),8,10,9,21-10-2024
659,Ahmednagar,Shrirampur,Coriander(Leaves),8,10,9,23-05-2024
660,Ahmednagar,Shrirampur,Coriander(Leaves),8,10,9,24-11-2024
661,Ahmednagar,Shrirampur,Coriander(Leaves),8,10,9,25-11-2024
662,Ahmednagar,Shrirampur,Coriander(Leaves),8,10,9,25-10-2024
663,Ahmednagar,Shrirampur,Coriander(Leaves),8,10,9,26-10-2024
664,Ahmednagar,Shrirampur,Coriander(Leaves),8,10,9,26-09-2024
665,Ahmednagar,Shrirampur,Coriander(Leaves),8,10,9,27-10-2024
666,Ahmednagar,Shrirampur,Coriander(Leaves),8,10,9,28-09-2024
667,Ahmednagar,Shrirampur,Coriander(Leaves),8,10,9,30-10-2024
668,Ahmednagar,Shrirampur,Coriander(Leaves),8,12,10,14-11-2024
669,Ahmednagar,Shrirampur,Coriander(Leaves),8,15,10,05-07-2024
670,Ahmednagar,Shrirampur,Coriander(Leaves),8,15,11,10-07-2024
671,Ahmednagar,Shrirampur,Coriander(Leaves),8,20,15,03-07-2024
672,Ahmednagar,Shrirampur,Coriander(Leaves),9,10,9,28-08-2024
673,Ahmednagar,Shrirampur,Coriander(Leaves),9,10,9,28-10-2024
674,Ahmednagar,Shrirampur,Coriander(Leaves),9,12,10,09-11-2024
675,Ahmednagar,Shrirampur,Coriander(Leaves),9,12,10,20-10-2024
676,Ahmednagar,Shrirampur,Coriander(Leaves),9,12,10,24-10-2024
677,Ahmednagar,Shrirampur,Coriander(Leaves),9,12,10,26-08-2024
678,Ahmednagar,Shrirampur,Coriander(Leaves),9,12,10,27-09-2024
679,Ahmednagar,Shrirampur,Coriander(Leaves),9,13,10,27-07-2024
680,Ahmednagar,Shrirampur,Coriander(Leaves),10,13,12,11-05-2024
681,Ahmednagar,Shrirampur,Coriander(Leaves),10,15,12,03-05-2024
682,Ahmednagar,Shrirampur,Coriander(Leaves),10,15,12,04-11-2024
683,Ahmednagar,Shrirampur,Coriander(Leaves),10,15,12,10-05-2024
684,Ahmednagar,Shrirampur,Coriander(Leaves),10,15,12,11-11-2024
685,Ahmednagar,Shrirampur,Coriander(Leaves),10,15,12,11-10-2024
686,Ahmednagar,Shrirampur,Coriander(Leaves),10,15,12,13-11-2024
687,Ahmednagar,Shrirampur,Coriander(Leaves),10,15,12,14-10-2024
688,Ahmednagar,Shrirampur,Coriander(Leaves),10,15,12,30-08-2024
689,Ahmednagar,Shrirampur,Coriander(Leaves),10,15,13,04-07-2024
690,Ahmednagar,Shrirampur,Coriander(Leaves),10,15,13,16-05-2024
691,Ahmednagar,Shrirampur,Coriander(Leaves),10,15,13,26-05-2024
692,Ahmednagar,Shrirampur,Coriander(Leaves),10,15,13,27-05-2024
693,Ahmednagar,Shrirampur,Coriander(Leaves),10,16,13,07-07-2024
694,Ahmednagar,Shrirampur,Coriander(Leaves),10,20,15,01-06-2024
695,Ahmednagar,Shrirampur,Coriander(Leaves),10,20,15,06-07-2024
696,Ahmednagar,Shrirampur,Coriander(Leaves),10,20,15,08-07-2024
697,Ahmednagar,Shrirampur,Coriander(Leaves),10,20,15,12-10-2024
698,Ahmednagar,Shrirampur,Coriander(Leaves),10,20,15,25-09-2024
699,Ahmednagar,Shrirampur,Coriander(Leaves),10,20,15,27-06-2024
700,Ahmednagar,Shrirampur,Coriander(Leaves),10,20,15,29-09-2024
701,Ahmednagar,Shrirampur,Coriander(Leaves),10,22,18,03-06-2024
702,Ahmednagar,Shrirampur,Coriander(Leaves),10,25,17,19-06-2024
703,Ahmednagar,Shrirampur,Coriander(Leaves),10,25,20,26-07-2024
704,Ahmednagar,Shrirampur,Coriander(Leaves),10,30,25,09-06-2024
705,Ahmednagar,Shrirampur,Coriander(Leaves),12,17,14,29-05-2024
706,Ahmednagar,Shrirampur,Coriander(Leaves),12,40,25,15-06-2024
707,Ahmednagar,Shrirampur,Coriander(Leaves),15,19,17,30-05-2024
708,Ahmednagar,Shrirampur,Coriander(Leaves),15,20,19,31-05-2024
709,Ahmednagar,Shrirampur,Coriander(Leaves),15,24,20,02-06-2024
710,Ahmednagar,Shrirampur,Coriander(Leaves),15,25,20,05-06-2024
711,Ahmednagar,Shrirampur,Coriander(Leaves),15,25,20,10-11-2024
712,Ahmednagar,Shrirampur,Coriander(Leaves),15,25,20,13-10-2024
713,Ahmednagar,Shrirampur,Coriander(Leaves),15,25,20,20-09-2024
714,Ahmednagar,Shrirampur,Coriander(Leaves),15,25,20,21-09-2024
715,Ahmednagar,Shrirampur,Coriander(Leaves),15,25,20,23-09-2024
716,Ahmednagar,Shrirampur,Coriander(Leaves),15,25,20,26-06-2024
717,Ahmednagar,Shrirampur,Coriander(Leaves),15,25,20,29-06-2024
718,Ahmednagar,Shrirampur,Coriander(Leaves),15,27,20,06-06-2024
719,Ahmednagar,Shrirampur,Coriander(Leaves),15,30,20,05-09-2024
720,Ahmednagar,Shrirampur,Coriander(Leaves),15,30,24,08-06-2024
721,Ahmednagar,Shrirampur,Coriander(Leaves),16,28,21,07-06-2024
722,Ahmednagar,Shrirampur,Coriander(Leaves),17,25,20,28-06-2024
723,Ahmednagar,Shrirampur,Coriander(Leaves),20,28,23,14-06-2024
724,Ahmednagar,Shrirampur,Coriander(Leaves),20,30,25,14-09-2024
725,Ahmednagar,Shrirampur,Coriander(Leaves),20,30,25,16-09-2024
726,Ahmednagar,Shrirampur,Coriander(Leaves),20,30,25,19-09-2024
727,Ahmednagar,Shrirampur,Coriander(Leaves),20,30,25,22-09-2024
728,Ahmednagar,Shrirampur,Coriander(Leaves),20,40,30,04-09-2024
729,Ahmednagar,Shrirampur,Coriander(Leaves),20,40,30,06-09-2024
730,Ahmednagar,Shrirampur,Coriander(Leaves),20,40,30,18-09-2024
731,Ahmednagar,Shrirampur,Coriander(Leaves),25,30,27,01-07-2024
732,Ahmednagar,Shrirampur,Coriander(Leaves),25,40,30,12-09-2024
733,Ahmednagar,Shrirampur,Coriander(Leaves),25,40,30,13-09-2024
734,Ahmednagar,Shrirampur,Coriander(Leaves),25,40,30,15-09-2024
735,Ahmednagar,Shrirampur,Coriander(Leaves),25,40,35,30-06-2024
736,Ahmednagar,Shrirampur,Coriander(Leaves),30,40,35,21-06-2024
737,Ahmednagar,Shrirampur,Coriander(Leaves),30,40,35,22-06-2024
738,Ahmednagar,Shrirampur,Coriander(Leaves),30,40,35,24-06-2024
739,Ahmednagar,Shrirampur,Coriander(Leaves),30,45,40,07-09-2024
740,Ahmednagar,Shrirampur,Coriander(Leaves),30,45,40,08-09-2024
741,Ahmednagar,Shrirampur,Coriander(Leaves),30,45,40,09-09-2024
742,Ahmednagar,Shrirampur,Coriander(Leaves),30,45,40,11-09-2024
743,Ahmednagar,Shrirampur,Coriander(Leaves),400,600,500,11-12-2024
