Sl no.,District Name,Commodity,Grade,Min Price (Rs./Quintal),Max Price (Rs./Quintal),Modal Price (Rs./Quintal),Price Date
1,Belgaum,Potato,FAQ,1500,2500,2300,06-04-2024
2,Belgaum,Potato,FAQ,1500,2100,1800,20-02-2024
3,Belgaum,Potato,FAQ,1500,2500,2200,15-03-2024
4,Belgaum,Potato,FAQ,2500,3500,3000,03-10-2024
5,Belgaum,Potato,FAQ,2500,3300,2900,06-07-2024
6,Belgaum,Potato,FAQ,2500,3200,3000,26-07-2024
7,Belgaum,Potato,FAQ,2500,3200,2800,28-08-2024
8,Belgaum,Potato,FAQ,2000,4000,3500,19-10-2024
9,Belgaum,Potato,FAQ,2000,2900,2500,18-05-2024
10,Belgaum,Potato,FAQ,2600,3300,3100,15-07-2024
11,Belgaum,Potato,FAQ,2000,3000,2500,25-09-2024
12,Belgaum,Potato,FAQ,2000,2900,2500,21-05-2024
13,Belgaum,Potato,FAQ,1500,2500,2000,14-12-2024
14,Belgaum,Potato,FAQ,2500,3700,3500,06-12-2024
15,Belgaum,Potato,FAQ,1500,2500,2000,18-12-2024
16,Belgaum,Potato,FAQ,2500,3100,2800,30-07-2024
17,Belgaum,Potato,FAQ,1500,2100,1800,17-02-2024
18,Belgaum,Potato,FAQ,2000,3000,2800,03-06-2024
19,Belgaum,Potato,FAQ,2500,3200,3000,22-07-2024
20,Belgaum,Potato,FAQ,1500,3000,2800,27-11-2024
21,Belgaum,Potato,FAQ,2500,3200,2800,29-08-2024
22,Belgaum,Potato,FAQ,1200,1700,1500,02-02-2024
23,Belgaum,Potato,FAQ,2600,3200,3000,12-07-2024
24,Belgaum,Potato,FAQ,2000,4000,3500,12-11-2024
25,Belgaum,Potato,FAQ,1500,2500,2000,31-12-2024
26,Belgaum,Potato,FAQ,2500,3200,2800,23-08-2024
27,Belgaum,Potato,FAQ,2000,2700,2500,15-05-2024
28,Belgaum,Potato,FAQ,2000,3000,2500,21-09-2024
29,Belgaum,Potato,FAQ,2000,2900,2600,24-05-2024
30,Belgaum,Potato,FAQ,2500,3100,2800,31-07-2024
31,Belgaum,Potato,FAQ,2500,3800,3500,23-10-2024
32,Belgaum,Potato,FAQ,2000,2900,2600,28-05-2024
33,Belgaum,Potato,FAQ,3000,4000,3000,07-10-2024
34,Belgaum,Potato,FAQ,1500,2700,2300,16-04-2024
35,Belgaum,Potato,FAQ,2000,3000,2500,14-09-2024
36,Belgaum,Potato,FAQ,1200,1700,1500,31-01-2024
37,Belgaum,Potato,FAQ,1500,1800,1700,06-02-2024
38,Belgaum,Potato,FAQ,1500,2500,2200,09-03-2024
39,Belgaum,Potato,FAQ,1000,3500,3000,19-11-2024
40,Belgaum,Potato,FAQ,1500,2400,2000,24-02-2024
41,Belgaum,Potato,FAQ,2000,3000,2500,08-05-2024
42,Belgaum,Potato,FAQ,1500,2600,2300,19-04-2024
43,Belgaum,Potato,FAQ,2000,3500,3000,12-12-2024
44,Belgaum,Potato,FAQ,1500,2300,2100,06-03-2024
45,Belgaum,Potato,FAQ,2500,3100,2800,12-08-2024
46,Belgaum,Potato,FAQ,2500,3200,3000,25-07-2024
47,Belgaum,Potato,FAQ,2500,3100,2800,07-08-2024
48,Belgaum,Potato,FAQ,1500,2700,2200,28-03-2024
49,Belgaum,Potato,FAQ,1500,2900,2200,29-04-2024
50,Belgaum,Potato,FAQ,1500,2600,2300,17-04-2024
51,Belgaum,Potato,FAQ,2500,3300,3000,22-06-2024
52,Belgaum,Potato,FAQ,2500,3500,3000,02-10-2024
53,Belgaum,Potato,FAQ,2000,3500,3000,09-12-2024
54,Belgaum,Potato,FAQ,2000,2900,2500,20-05-2024
55,Belgaum,Potato,FAQ,1000,3500,3000,16-11-2024
56,Belgaum,Potato,FAQ,1500,2000,1800,08-02-2024
57,Belgaum,Potato,FAQ,1500,1800,1600,30-01-2024
58,Belgaum,Potato,FAQ,2600,3200,3000,11-07-2024
59,Belgaum,Potato,FAQ,2500,3200,2800,30-08-2024
60,Belgaum,Potato,FAQ,2500,3100,2800,08-08-2024
61,Belgaum,Potato,FAQ,2000,2800,2600,07-06-2024
62,Belgaum,Potato,FAQ,2000,3000,2800,14-06-2024
63,Belgaum,Potato,FAQ,1000,2600,2200,30-03-2024
64,Belgaum,Potato,FAQ,2600,3300,3000,25-06-2024
65,Belgaum,Potato,FAQ,1500,2500,2000,20-12-2024
66,Belgaum,Potato,FAQ,1350,2500,2000,24-04-2024
67,Belgaum,Potato,FAQ,2000,3200,2800,10-06-2024
68,Belgaum,Potato,FAQ,2500,3100,2800,03-08-2024
69,Belgaum,Potato,FAQ,2500,3500,3000,25-11-2024
70,Belgaum,Potato,FAQ,1500,2200,2000,23-02-2024
71,Belgaum,Potato,FAQ,2500,3100,2800,27-07-2024
72,Belgaum,Potato,FAQ,1000,3200,2800,15-11-2024
73,Belgaum,Potato,FAQ,2000,2700,2500,17-05-2024
74,Belgaum,Potato,FAQ,2500,3200,2800,20-08-2024
75,Belgaum,Potato,FAQ,2000,2800,2600,30-05-2024
76,Belgaum,Potato,FAQ,2000,3000,2500,24-09-2024
77,Belgaum,Potato,FAQ,2500,3200,2800,15-10-2024
78,Belgaum,Potato,FAQ,2500,3800,3500,24-10-2024
79,Belgaum,Potato,FAQ,1500,2700,2400,23-04-2024
80,Belgaum,Potato,FAQ,2000,3100,2700,18-06-2024
81,Belgaum,Potato,FAQ,1500,2200,2000,22-02-2024
82,Belgaum,Potato,FAQ,1000,2400,2000,22-03-2024
83,Belgaum,Potato,FAQ,1500,2800,2300,07-05-2024
84,Belgaum,Potato,FAQ,1000,3800,3200,08-11-2024
85,Belgaum,Potato,FAQ,1500,2500,2000,21-12-2024
86,Belgaum,Potato,FAQ,2000,3500,3000,13-12-2024
87,Belgaum,Potato,FAQ,1000,2600,2200,02-04-2024
88,Belgaum,Potato,FAQ,2500,3200,3000,21-06-2024
89,Belgaum,Potato,FAQ,2500,3200,2800,22-08-2024
90,Belgaum,Potato,FAQ,1500,1800,1650,02-01-2024
91,Belgaum,Potato,FAQ,1500,2800,2500,03-04-2024
92,Belgaum,Potato,FAQ,2500,3200,3000,27-06-2024
93,Belgaum,Potato,FAQ,1500,1800,1700,05-02-2024
94,Belgaum,Potato,FAQ,1000,3500,3000,04-11-2024
95,Belgaum,Potato,FAQ,2500,3200,2800,21-08-2024
96,Belgaum,Potato,FAQ,1000,3000,2500,20-09-2024
97,Belgaum,Potato,FAQ,2000,3200,2500,05-09-2024
98,Belgaum,Potato,FAQ,2500,3300,2900,04-07-2024
99,Belgaum,Potato,FAQ,2500,3100,2800,05-08-2024
100,Belgaum,Potato,FAQ,2500,3200,3000,23-07-2024
101,Belgaum,Potato,FAQ,2500,3400,3000,24-08-2024
102,Belgaum,Potato,FAQ,2000,2800,2600,29-05-2024
103,Belgaum,Potato,FAQ,2000,2700,2500,16-05-2024
104,Belgaum,Potato,FAQ,1000,2400,2000,20-03-2024
105,Belgaum,Potato,FAQ,2000,3500,3000,07-12-2024
106,Belgaum,Potato,FAQ,1000,2400,2000,21-03-2024
107,Belgaum,Potato,FAQ,2000,3200,2500,06-09-2024
108,Belgaum,Potato,FAQ,2000,3500,3000,05-11-2024
109,Belgaum,Potato,FAQ,2000,4000,3500,09-11-2024
110,Belgaum,Potato,FAQ,2500,3600,3000,12-09-2024
111,Belgaum,Potato,FAQ,2500,3100,2800,10-08-2024
112,Belgaum,Potato,FAQ,1500,1800,1600,27-01-2024
113,Belgaum,Potato,FAQ,2000,3000,2800,13-06-2024
114,Belgaum,Potato,FAQ,2000,3500,3000,11-12-2024
115,Belgaum,Potato,FAQ,2500,3200,2800,28-09-2024
116,Belgaum,Potato,FAQ,2500,3200,2800,17-08-2024
117,Belgaum,Potato,FAQ,2500,4000,3500,21-10-2024
118,Belgaum,Potato,FAQ,1500,1800,1700,03-02-2024
119,Belgaum,Potato,FAQ,2500,3600,3200,10-10-2024
120,Belgaum,Potato,FAQ,2000,3700,3500,04-12-2024
121,Belgaum,Potato,FAQ,2500,3400,3000,27-08-2024
122,Belgaum,Potato,FAQ,1500,2800,2300,04-05-2024
123,Belgaum,Potato,FAQ,2600,3200,3000,10-07-2024
124,Belgaum,Potato,FAQ,2000,4000,3500,11-11-2024
125,Belgaum,Potato,FAQ,2000,3200,2800,11-06-2024
126,Belgaum,Potato,FAQ,1500,2800,2500,03-05-2024
127,Belgaum,Potato,FAQ,2000,3100,2700,15-06-2024
128,Belgaum,Potato,FAQ,1500,2500,2000,17-12-2024
129,Belgaum,Potato,FAQ,2000,3500,3000,28-10-2024
130,Belgaum,Potato,FAQ,2200,3200,2850,11-05-2024
131,Belgaum,Potato,FAQ,2500,3100,2800,01-08-2024
132,Belgaum,Potato,FAQ,2000,3500,3000,08-12-2024
133,Belgaum,Potato,FAQ,1500,2100,1800,03-01-2024
134,Belgaum,Potato,FAQ,2600,3300,3100,13-07-2024
135,Belgaum,Potato,FAQ,2000,3000,2500,17-09-2024
136,Belgaum,Potato,FAQ,1500,2100,1800,16-02-2024
137,Belgaum,Potato,FAQ,1400,1900,1600,12-01-2024
138,Belgaum,Potato,FAQ,2500,3100,2800,29-07-2024
139,Belgaum,Potato,FAQ,1500,2500,2000,30-12-2024
140,Belgaum,Potato,FAQ,2500,3300,2900,05-07-2024
141,Belgaum,Potato,FAQ,1000,3800,3200,07-11-2024
142,Belgaum,Potato,FAQ,2500,3500,3000,04-10-2024
143,Belgaum,Potato,FAQ,2500,3400,3000,26-08-2024
144,Belgaum,Potato,FAQ,2500,3500,3000,26-11-2024
145,Belgaum,Potato,FAQ,1000,1700,1500,13-01-2024
146,Belgaum,Potato,FAQ,2000,3200,2500,04-09-2024
147,Belgaum,Potato,FAQ,2500,3200,3000,20-07-2024
148,Belgaum,Potato,FAQ,1500,2700,2400,20-04-2024
149,Belgaum,Potato,FAQ,2500,3100,2800,13-08-2024
150,Belgaum,Potato,FAQ,2000,3000,2500,26-09-2024
151,Belgaum,Potato,FAQ,2000,2700,2200,19-03-2024
152,Belgaum,Potato,FAQ,1000,3000,2500,19-09-2024
153,Belgaum,Potato,FAQ,2500,3200,2800,02-09-2024
154,Belgaum,Potato,FAQ,2600,3200,3000,19-07-2024
155,Belgaum,Potato,FAQ,1000,3000,2500,18-09-2024
156,Belgaum,Potato,FAQ,2500,3800,3500,25-10-2024
157,Belgaum,Potato,FAQ,2600,3300,3100,16-07-2024
158,Belgaum,Potato,FAQ,2500,3200,2800,14-10-2024
159,Belgaum,Potato,FAQ,2500,3200,2800,30-09-2024
160,Belgaum,Potato,FAQ,1000,3200,2800,13-11-2024
161,Belgaum,Potato,FAQ,2000,2800,2600,05-06-2024
162,Belgaum,Potato,FAQ,1500,2100,1800,15-02-2024
163,Belgaum,Potato,FAQ,3000,3500,3300,29-06-2024
164,Belgaum,Potato,FAQ,2000,3000,2800,01-06-2024
165,Belgaum,Potato,FAQ,2500,3100,2800,06-08-2024
166,Belgaum,Potato,FAQ,1800,2300,2100,13-02-2024
167,Belgaum,Potato,FAQ,2000,2700,2200,16-03-2024
168,Belgaum,Potato,FAQ,1500,2800,2500,01-05-2024
169,Belgaum,Potato,FAQ,1500,2300,2100,29-02-2024
170,Belgaum,Potato,FAQ,1500,2100,1800,14-02-2024
171,Belgaum,Potato,FAQ,1500,2800,2500,02-05-2024
172,Belgaum,Potato,FAQ,2500,3200,3000,26-06-2024
173,Belgaum,Potato,FAQ,2500,3200,3000,28-06-2024
174,Belgaum,Potato,FAQ,1500,2400,2000,27-02-2024
175,Belgaum,Potato,FAQ,1500,2500,2000,16-12-2024
176,Belgaum,Potato,FAQ,1500,2800,2500,04-04-2024
177,Belgaum,Potato,FAQ,2000,3000,2500,23-09-2024
178,Belgaum,Potato,FAQ,2500,3500,3000,29-10-2024
179,Belgaum,Potato,FAQ,1500,2000,1800,09-02-2024
180,Belgaum,Potato,FAQ,2500,3500,3000,26-10-2024
181,Belgaum,Potato,FAQ,2200,3800,3200,16-10-2024
182,Belgaum,Potato,FAQ,1500,2700,2200,27-12-2024
183,Belgaum,Potato,FAQ,2500,3300,2900,09-07-2024
184,Belgaum,Potato,FAQ,1000,3200,2800,14-11-2024
185,Belgaum,Potato,FAQ,1500,2200,2000,21-02-2024
186,Belgaum,Potato,FAQ,2000,3000,2800,04-06-2024
187,Belgaum,Potato,FAQ,1500,2600,2300,18-04-2024
188,Belgaum,Potato,FAQ,2500,3600,3000,11-09-2024
189,Belgaum,Potato,FAQ,2500,3200,2800,16-08-2024
190,Belgaum,Potato,FAQ,2500,3200,2800,19-08-2024
191,Belgaum,Potato,FAQ,3000,3500,3200,01-07-2024
192,Belgaum,Potato,FAQ,2500,3200,2800,03-09-2024
193,Belgaum,Potato,FAQ,1500,2500,2200,12-03-2024
194,Belgaum,Potato,FAQ,2000,3200,2800,08-06-2024
195,Belgaum,Potato,FAQ,1500,2100,1800,05-01-2024
196,Belgaum,Potato,FAQ,2000,3000,2500,09-05-2024
197,Belgaum,Potato,FAQ,2500,3600,3200,09-10-2024
198,Belgaum,Potato,FAQ,1500,2700,2200,27-03-2024
199,Belgaum,Potato,FAQ,2500,3100,2800,02-08-2024
200,Belgaum,Potato,FAQ,1350,2500,2000,26-04-2024
201,Belgaum,Potato,FAQ,2500,3200,2800,01-10-2024
202,Belgaum,Potato,FAQ,2500,3200,3000,24-07-2024
203,Belgaum,Potato,FAQ,1500,2500,2000,19-12-2024
204,Belgaum,Potato,FAQ,1500,2800,2500,05-04-2024
205,Belgaum,Potato,FAQ,2500,3200,3000,19-06-2024
206,Belgaum,Potato,FAQ,2500,3300,2900,03-07-2024
207,Belgaum,Potato,FAQ,2500,3200,3000,20-06-2024
208,Belgaum,Potato,FAQ,1500,2300,2100,05-03-2024
209,Belgaum,Potato,FAQ,2000,2800,2600,06-06-2024
210,Belgaum,Potato,FAQ,2500,3300,3000,24-06-2024
211,Belgaum,Potato,FAQ,2000,3000,2800,12-06-2024
212,Belgaum,Potato,FAQ,1500,2300,2100,28-02-2024
213,Belgaum,Potato,FAQ,2000,3000,2500,27-09-2024
214,Belgaum,Potato,FAQ,1000,3500,3000,20-11-2024
215,Belgaum,Potato,FAQ,1500,2500,2000,28-12-2024
216,Belgaum,Potato,FAQ,2000,2900,2600,25-05-2024
217,Belgaum,Potato,FAQ,2500,3100,2800,09-08-2024
218,Belgaum,Potato,FAQ,2500,3200,2800,31-08-2024
219,Belgaum,Potato,FAQ,2500,4000,3500,22-10-2024
220,Belgaum,Potato,FAQ,1500,2000,1800,06-01-2024
221,Belgaum,Potato,FAQ,1000,2500,2000,01-01-2025
222,Belgaum,Potato,FAQ,2500,3200,2800,14-08-2024
223,Belgaum,Potato,FAQ,2000,3200,2500,09-09-2024
224,Belgaum,Potato,FAQ,1500,2300,2100,04-03-2024
225,Belgaum,Potato,FAQ,3000,4000,3500,08-10-2024
226,Belgaum,Potato,FAQ,1500,2300,2100,01-03-2024
227,Belgaum,Potato,FAQ,1500,2300,2100,02-03-2024
228,Belgaum,Potato,FAQ,1500,2900,2200,27-04-2024
229,Belgaum,Potato,FAQ,1000,3800,3200,06-11-2024
230,Belgaum,Potato,FAQ,2200,3800,3200,18-10-2024
231,Belgaum,Potato,FAQ,1500,2300,2000,23-03-2024
232,Belgaum,Potato,FAQ,2000,2900,2600,22-05-2024
233,Belgaum,Potato,FAQ,2000,3200,2500,10-09-2024
234,Belgaum,Potato,FAQ,1500,2500,2200,13-03-2024
235,Belgaum,Potato,FAQ,3000,3500,3300,02-07-2024
236,Belgaum,Potato,FAQ,2500,3600,3000,13-09-2024
237,Belgaum,Potato,FAQ,3000,4000,3500,05-10-2024
238,Belgaum,Potato,FAQ,1500,2000,1800,07-02-2024
239,Belgaum,Potato,FAQ,1800,2300,2100,10-02-2024
240,Belgaum,Potato,FAQ,2000,2800,2600,31-05-2024
