Sl no.,District Name,Market Name,Commodity,Variety,Min Price (Rs./Quintal),Max Price (Rs./Quintal),Modal Price (Rs./Quintal),Price Date
1,Nanded,Bhokar,Turmeric,Other,9000,11500,10250,10-07-2024
2,Nanded,Bhokar,Turmeric,Other,10000,10000,10000,02-03-2024
3,Nanded,Bhokar,Turmeric,Other,10000,10700,10350,30-08-2024
4,Nanded,Bhokar,Turmeric,Other,10205,10605,10405,28-09-2024
5,Nanded,Bhokar,Turmeric,Other,10500,10500,10500,04-11-2024
6,Nanded,Bhokar,Turmeric,Other,10700,12600,11650,23-08-2024
7,Nanded,Bhokar,Turmeric,Other,11005,11250,11127,08-06-2024
8,Nanded,Bhokar,Turmeric,Other,11500,11500,11500,02-12-2024
9,Nanded,Bhokar,Turmeric,Other,11600,11700,11650,12-06-2024
10,Nanded,Bhokar,Turmeric,Other,12825,15000,13913,11-05-2024
11,Nanded,Bhokar,Turmeric,Other,13230,14888,14059,04-05-2024
12,Nanded,Bhokar,Turmeric,Other,13581,14000,13790,15-07-2024
13,Nanded,Bhokar,Turmeric,Other,13651,14800,14225,06-04-2024
14,Nanded,Bhokar,Turmeric,Other,13705,13775,13740,05-04-2024
15,Nanded,Bhokar,Turmeric,Other,13780,14005,13892,17-05-2024
16,Nanded,Bhokar,Turmeric,Other,13901,13901,13901,25-05-2024
17,Nanded,Bhokar,Turmeric,Other,14435,15002,14718,01-06-2024
18,Nanded,Bhokar,Turmeric,Other,14450,14550,14500,29-05-2024
19,Nanded,Bhokar,Turmeric,Other,14920,15711,15305,27-04-2024
20,Nanded,Kandhar,Turmeric,Other,9000,17000,14000,19-05-2024
21,Nanded,Kandhar,Turmeric,Other,11000,17000,14000,13-05-2024
22,Nanded,Kandhar,Turmeric,Other,12000,17000,15000,12-05-2024
23,Nanded,Kandhar,Turmeric,Other,15000,17000,16000,22-05-2024
24,Nanded,Kandhar,Turmeric,Other,15000,17500,16500,27-05-2024
25,Nanded,Loha,Turmeric,Rajapuri,4000,6550,6200,03-10-2024
26,Nanded,Loha,Turmeric,Rajapuri,5500,13711,12500,27-09-2024
27,Nanded,Loha,Turmeric,Rajapuri,6000,8000,6250,23-08-2024
28,Nanded,Loha,Turmeric,Rajapuri,6100,12000,10000,10-08-2024
29,Nanded,Loha,Turmeric,Rajapuri,6100,12500,7600,14-10-2024
30,Nanded,Loha,Turmeric,Rajapuri,6500,11400,10700,28-08-2024
31,Nanded,Loha,Turmeric,Rajapuri,6600,12961,11500,18-09-2024
32,Nanded,Loha,Turmeric,Rajapuri,7000,14600,10000,22-07-2024
33,Nanded,Loha,Turmeric,Rajapuri,7500,13400,12200,28-09-2024
34,Nanded,Loha,Turmeric,Rajapuri,7800,12301,9100,19-09-2024
35,Nanded,Loha,Turmeric,Rajapuri,8000,13400,12800,26-09-2024
36,Nanded,Loha,Turmeric,Rajapuri,8000,14325,14000,05-08-2024
37,Nanded,Loha,Turmeric,Rajapuri,8100,15001,14500,06-07-2024
38,Nanded,Loha,Turmeric,Rajapuri,8500,12800,11700,14-09-2024
39,Nanded,Loha,Turmeric,Rajapuri,8800,14300,10000,08-07-2024
40,Nanded,Loha,Turmeric,Rajapuri,8901,12600,10000,21-09-2024
41,Nanded,Loha,Turmeric,Rajapuri,8901,12980,11700,04-10-2024
42,Nanded,Loha,Turmeric,Rajapuri,9000,11801,11000,25-11-2024
43,Nanded,Loha,Turmeric,Rajapuri,9000,12400,10000,24-08-2024
44,Nanded,Loha,Turmeric,Rajapuri,9000,13100,11511,30-09-2024
45,Nanded,Loha,Turmeric,Rajapuri,9000,14200,13900,31-07-2024
46,Nanded,Loha,Turmeric,Rajapuri,9000,14711,10400,02-08-2024
47,Nanded,Loha,Turmeric,Rajapuri,9000,15351,14000,28-06-2024
48,Nanded,Loha,Turmeric,Rajapuri,9001,14100,13000,24-07-2024
49,Nanded,Loha,Turmeric,Rajapuri,9001,14300,14252,03-08-2024
50,Nanded,Loha,Turmeric,Rajapuri,9001,14900,11900,28-03-2024
51,Nanded,Loha,Turmeric,Rajapuri,9200,12811,11611,25-10-2024
52,Nanded,Loha,Turmeric,Rajapuri,9400,13500,9401,06-04-2024
53,Nanded,Loha,Turmeric,Rajapuri,9600,16900,14751,22-05-2024
54,Nanded,Loha,Turmeric,Rajapuri,10000,15100,14000,24-04-2024
55,Nanded,Loha,Turmeric,Rajapuri,10000,15155,14500,17-05-2024
56,Nanded,Loha,Turmeric,Rajapuri,10000,15600,14000,20-06-2024
57,Nanded,Loha,Turmeric,Rajapuri,10000,16400,15300,04-05-2024
58,Nanded,Loha,Turmeric,Rajapuri,10000,16500,15000,30-05-2024
59,Nanded,Loha,Turmeric,Rajapuri,10000,17750,14500,25-04-2024
60,Nanded,Loha,Turmeric,Rajapuri,10100,14500,14100,14-03-2024
61,Nanded,Loha,Turmeric,Rajapuri,10100,15400,14500,21-06-2024
62,Nanded,Loha,Turmeric,Rajapuri,10200,15151,12000,04-07-2024
63,Nanded,Loha,Turmeric,Rajapuri,10400,16000,15100,03-05-2024
64,Nanded,Loha,Turmeric,Rajapuri,11000,14700,12150,20-03-2024
65,Nanded,Loha,Turmeric,Rajapuri,11000,15111,14600,12-06-2024
66,Nanded,Loha,Turmeric,Rajapuri,11000,15500,14011,07-06-2024
67,Nanded,Loha,Turmeric,Rajapuri,11000,15700,14800,26-04-2024
68,Nanded,Loha,Turmeric,Rajapuri,12000,15300,13500,15-03-2024
69,Nanded,Loha,Turmeric,Rajapuri,12100,14705,14200,18-05-2024
70,Nanded,Loha,Turmeric,Rajapuri,12200,14900,13600,09-05-2024
71,Nanded,Loha,Turmeric,Rajapuri,14151,17000,14600,29-04-2024
72,Nanded,Nanded,Turmeric,Other,4000,13560,12395,12-02-2024
73,Nanded,Nanded,Turmeric,Other,4300,4350,4350,30-03-2024
74,Nanded,Nanded,Turmeric,Other,6000,13600,13090,28-08-2024
75,Nanded,Nanded,Turmeric,Other,6000,13800,12595,11-11-2024
76,Nanded,Nanded,Turmeric,Other,7000,13495,12460,05-11-2024
77,Nanded,Nanded,Turmeric,Other,7000,14700,13800,26-09-2024
78,Nanded,Nanded,Turmeric,Other,7000,16885,14500,21-03-2024
79,Nanded,Nanded,Turmeric,Other,7000,17100,14845,02-04-2024
80,Nanded,Nanded,Turmeric,Other,7300,12300,11980,18-10-2024
81,Nanded,Nanded,Turmeric,Other,7400,13300,12935,17-10-2024
82,Nanded,Nanded,Turmeric,Other,7500,15000,14200,06-08-2024
83,Nanded,Nanded,Turmeric,Other,7505,13405,12800,04-09-2024
84,Nanded,Nanded,Turmeric,Other,7600,13450,12800,29-08-2024
85,Nanded,Nanded,Turmeric,Other,8000,13400,12500,21-10-2024
86,Nanded,Nanded,Turmeric,Other,8000,13595,12500,07-11-2024
87,Nanded,Nanded,Turmeric,Other,8000,14090,12600,08-11-2024
88,Nanded,Nanded,Turmeric,Other,8000,14685,13700,25-09-2024
89,Nanded,Nanded,Turmeric,Other,8200,13945,12425,15-02-2024
90,Nanded,Nanded,Turmeric,Other,8500,11385,10600,12-01-2024
91,Nanded,Nanded,Turmeric,Other,8500,14200,13560,09-09-2024
92,Nanded,Nanded,Turmeric,Other,8895,13250,12895,24-10-2024
93,Nanded,Nanded,Turmeric,Other,9000,13000,12025,02-01-2024
94,Nanded,Nanded,Turmeric,Other,9000,13695,12250,02-02-2024
95,Nanded,Nanded,Turmeric,Other,9000,14200,13300,05-09-2024
96,Nanded,Nanded,Turmeric,Other,9000,15100,13500,18-09-2024
97,Nanded,Nanded,Turmeric,Other,9000,15377,12300,22-02-2024
98,Nanded,Nanded,Turmeric,Other,9095,13545,12395,21-02-2024
99,Nanded,Nanded,Turmeric,Other,9150,12300,11000,04-01-2024
100,Nanded,Nanded,Turmeric,Other,9295,11995,10850,15-01-2024
101,Nanded,Nanded,Turmeric,Other,9450,13695,13220,30-08-2024
102,Nanded,Nanded,Turmeric,Other,9495,15501,13700,05-03-2024
103,Nanded,Nanded,Turmeric,Other,9600,13500,12000,13-02-2024
104,Nanded,Nanded,Turmeric,Other,9600,14795,14100,07-08-2024
105,Nanded,Nanded,Turmeric,Other,9995,14100,12000,01-02-2024
106,Nanded,Nanded,Turmeric,Other,10000,13500,12100,13-11-2024
107,Nanded,Nanded,Turmeric,Other,10000,13650,12800,15-10-2024
108,Nanded,Nanded,Turmeric,Other,10000,13850,13300,30-09-2024
109,Nanded,Nanded,Turmeric,Other,10000,14400,13200,28-02-2024
110,Nanded,Nanded,Turmeric,Other,10000,15150,14200,02-08-2024
111,Nanded,Nanded,Turmeric,Other,10000,17895,16300,20-03-2024
112,Nanded,Nanded,Turmeric,Other,10410,14100,12395,07-02-2024
113,Nanded,Nanded,Turmeric,Other,10495,12395,10495,01-01-2024
114,Nanded,Nanded,Turmeric,Other,10495,14495,12505,16-02-2024
115,Nanded,Nanded,Turmeric,Other,10500,14250,12845,25-10-2024
116,Nanded,Nanded,Turmeric,Other,10500,15825,13700,04-03-2024
117,Nanded,Nanded,Turmeric,Other,10600,15245,14400,05-08-2024
118,Nanded,Nanded,Turmeric,Other,10600,17100,15000,04-04-2024
119,Nanded,Nanded,Turmeric,Other,10601,13801,12701,02-11-2024
120,Nanded,Nanded,Turmeric,Other,10700,14550,13500,13-09-2024
121,Nanded,Nanded,Turmeric,Other,10800,13185,12300,28-10-2024
122,Nanded,Nanded,Turmeric,Other,10895,13895,12495,12-11-2024
123,Nanded,Nanded,Turmeric,Other,10900,12690,12125,16-10-2024
124,Nanded,Nanded,Turmeric,Other,10900,13380,12845,14-10-2024
125,Nanded,Nanded,Turmeric,Other,11000,13100,12700,05-12-2024
126,Nanded,Nanded,Turmeric,Other,11000,13300,12500,10-10-2024
127,Nanded,Nanded,Turmeric,Other,11000,13900,12690,02-12-2024
128,Nanded,Nanded,Turmeric,Other,11000,14000,12800,18-11-2024
129,Nanded,Nanded,Turmeric,Other,11000,18095,16395,22-03-2024
130,Nanded,Nanded,Turmeric,Other,11100,16690,15285,05-04-2024
131,Nanded,Nanded,Turmeric,Other,11100,17000,15500,18-03-2024
132,Nanded,Nanded,Turmeric,Other,11300,13600,13400,23-08-2024
133,Nanded,Nanded,Turmeric,Other,11300,14795,13105,27-02-2024
134,Nanded,Nanded,Turmeric,Other,11395,13885,12550,27-11-2024
135,Nanded,Nanded,Turmeric,Other,11400,14500,13655,06-09-2024
136,Nanded,Nanded,Turmeric,Other,11550,14300,13600,27-09-2024
137,Nanded,Nanded,Turmeric,Other,11570,13570,12095,09-12-2024
138,Nanded,Nanded,Turmeric,Other,11600,13295,12600,19-12-2024
139,Nanded,Nanded,Turmeric,Other,11700,14095,13400,20-09-2024
140,Nanded,Nanded,Turmeric,Other,11715,13400,13000,20-12-2024
141,Nanded,Nanded,Turmeric,Other,11720,14395,13300,26-08-2024
142,Nanded,Nanded,Turmeric,Other,11795,13895,12500,27-12-2024
143,Nanded,Nanded,Turmeric,Other,11895,13500,12695,13-12-2024
144,Nanded,Nanded,Turmeric,Other,11900,13395,12695,03-12-2024
145,Nanded,Nanded,Turmeric,Other,11900,15095,14300,10-07-2024
146,Nanded,Nanded,Turmeric,Other,11900,15895,14895,03-07-2024
147,Nanded,Nanded,Turmeric,Other,11990,14095,12700,26-12-2024
148,Nanded,Nanded,Turmeric,Other,11995,13705,12700,18-12-2024
149,Nanded,Nanded,Turmeric,Other,12000,13445,12700,24-12-2024
150,Nanded,Nanded,Turmeric,Other,12000,14345,13500,24-09-2024
151,Nanded,Nanded,Turmeric,Other,12000,15185,14295,09-07-2024
152,Nanded,Nanded,Turmeric,Other,12000,15795,15095,02-07-2024
153,Nanded,Nanded,Turmeric,Other,12000,17850,14895,11-03-2024
154,Nanded,Nanded,Turmeric,Other,12000,18000,15000,15-03-2024
155,Nanded,Nanded,Turmeric,Other,12095,13495,12100,04-12-2024
156,Nanded,Nanded,Turmeric,Other,12095,13800,12500,31-12-2024
157,Nanded,Nanded,Turmeric,Other,12200,14500,14085,11-07-2024
158,Nanded,Nanded,Turmeric,Other,12295,14000,13000,17-12-2024
159,Nanded,Nanded,Turmeric,Other,12295,14000,13050,23-12-2024
160,Nanded,Nanded,Turmeric,Other,12485,14395,13595,01-01-2025
161,Nanded,Nanded,Turmeric,Other,12500,14055,13220,27-08-2024
162,Nanded,Nanded,Turmeric,Other,12500,14845,14200,31-07-2024
163,Nanded,Nanded,Turmeric,Other,12500,16300,15200,28-06-2024
164,Nanded,Nanded,Turmeric,Other,12500,17600,16000,12-03-2024
165,Nanded,Nanded,Turmeric,Other,12745,15500,14580,08-08-2024
166,Nanded,Nanded,Turmeric,Other,13000,15200,14800,22-07-2024
167,Nanded,Nanded,Turmeric,Other,13100,15400,14800,04-07-2024
168,Nanded,Nanded,Turmeric,Other,13350,15300,14800,16-07-2024
169,Nanded,Nanded,Turmeric,Other,13400,17445,15000,03-04-2024
170,Nanded,Nanded,Turmeric,Other,13400,18200,15000,26-03-2024
171,Nanded,Nanded,Turmeric,Other,13500,15695,15000,18-07-2024
172,Nanded,Nanded,Turmeric,Other,14000,17300,15690,19-03-2024
